USE DB_vitacora;

INSERT INTO Tipos_novedades (id_tipo, tipo)
VALUES 
(1, 'falla'),
(2, 'informativo'),
(3, 'urgente'),
(4, 'ABM'),
(5, 'importante'),
(6, 'recordatorio'),
(7, 'fuera de servicio'),
(8, 'queda para ver');

INSERT INTO Estados_novedades (id_estado, estado)
VALUES
(1, 'pendiente'),
(2, 'en proceso'),
(3, 'completo'),
(4, 'sin estado');

INSERT INTO Estados_tecnico (id_estado, estado)
VALUES 
(1, 'bajo contrato'),
(2, 'en capacitación'),
(3, 'desvinculado');

INSERT INTO Tipos_tecnico (id_tipo, tipo)
VALUES 
(1, 'técnico responsable de turno'),
(2, 'técnico de sala');

INSERT INTO Tecnicos (id_tecnico, nombre, apellido, id_estado, id_tipo)
VALUES 
(1, 'Juan', 'Fernandez', 3, 2),
(2, 'Ariel', 'Andreazini', 3, 2),
(3, 'Agustin', 'Salvay', 3, 2),
(4, 'German', 'Rotelli', 3, 1),
(5, 'Juan', 'Fabregues', 1, 1), 
(6, 'Franco', 'Cuello', 1, 2),
(7, 'Luis', 'Carrizo', 1, 2),
(8, 'Christian', 'Ledesma', 1, 1),
(9, 'Joaquin', 'Montagna', 3, 2),
(10, 'Lucas', 'Prieto', 2, 2),
(11, 'Thomas', 'Gallardo', 2, 2);

INSERT INTO Novedades (id_novedad, titulo, descripcion, fecha_apertura_novedad, id_tipo, id_estado, id_tecnico) VALUES 
(1, 'justo eu massa donec', 'vel nisl duis ac nibh fusce lacus purus aliquet at feugiat non pretium quis', '2023-03-09', 2, 4, 1),
(2, 'curae duis faucibus', 'vivamus metus arcu adipiscing molestie hendrerit at vulputate vitae nisl aenean lectus pellentesque eget nunc', '2023-07-03', 8, 3, 11),
(3, 'pede lobortis', 'bibendum morbi non quam nec dui luctus rutrum nulla tellus in sagittis dui', '2023-04-17', 1, 4, 9),
(4, 'tempus semper est', 'dolor sit amet consectetuer adipiscing elit proin interdum mauris non ligula pellentesque ultrices', '2023-06-02', 5, 3, 7),
(5, 'at feugiat non pretium quis', 'ligula in lacus curabitur at ipsum ac tellus semper interdum mauris ullamcorper purus sit', '2023-03-29', 7, 4, 10),
(6, 'praesent blandit lacinia', 'nulla neque libero convallis eget eleifend luctus ultricies eu nibh quisque id justo', '2023-03-23', 2, 2, 5),
(7, 'nulla tempus vivamus in felis', 'eu est congue elementum in hac habitasse platea dictumst morbi vestibulum velit', '2023-05-30', 1, 1, 6),
(8, 'odio condimentum id luctus', 'erat eros viverra eget congue eget semper rutrum nulla nunc purus', '2023-03-19', 7, 1, 6),
(9, 'id turpis', 'cubilia curae donec pharetra magna vestibulum aliquet ultrices erat tortor sollicitudin mi sit amet lobortis sapien sapien', '2023-04-04', 1, 2, 8),
(10, 'dui maecenas', 'feugiat non pretium quis lectus suspendisse potenti in eleifend quam a odio in', '2023-03-09', 8, 3, 6),
(11, 'mauris sit amet eros', 'justo lacinia eget tincidunt eget tempus vel pede morbi porttitor lorem id ligula suspendisse ornare consequat lectus in est risus', '2023-04-09', 1, 3, 3),
(12, 'ac enim in', 'in eleifend quam a odio in hac habitasse platea dictumst maecenas ut massa quis augue luctus tincidunt nulla', '2023-05-28', 1, 2, 8),
(13, 'eleifend quam a odio in', 'posuere cubilia curae nulla dapibus dolor vel est donec odio justo sollicitudin ut suscipit a feugiat et eros vestibulum', '2023-07-21', 3, 3, 3),
(14, 'porta volutpat quam', 'in sapien iaculis congue vivamus metus arcu adipiscing molestie hendrerit at vulputate', '2023-02-02', 2, 3, 8),
(15, 'sit amet nulla quisque', 'nibh in quis justo maecenas rhoncus aliquam lacus morbi quis tortor id nulla', '2023-01-26', 2, 4, 11),
(16, 'hac habitasse platea', 'massa donec dapibus duis at velit eu est congue elementum in hac habitasse platea dictumst morbi', '2023-06-27', 2, 2, 2),
(17, 'sed ante vivamus tortor duis', 'porta volutpat quam pede lobortis ligula sit amet eleifend pede libero quis orci nullam molestie nibh in', '2023-03-21', 4, 1, 2),
(18, 'amet nulla', 'ullamcorper purus sit amet nulla quisque arcu libero rutrum ac lobortis vel dapibus', '2023-02-03', 4, 4, 8),
(19, 'vestibulum sagittis', 'proin interdum mauris non ligula pellentesque ultrices phasellus id sapien in', '2023-01-27', 3, 2, 1),
(20, 'mattis pulvinar nulla pede', 'sed justo pellentesque viverra pede ac diam cras pellentesque volutpat dui maecenas tristique est et tempus semper', '2023-03-21', 3, 3, 5),
(21, 'luctus et ultrices posuere', 'non mi integer ac neque duis bibendum morbi non quam nec dui luctus rutrum nulla tellus in sagittis dui', '2023-03-09', 2, 4, 11),
(22, 'porttitor pede justo eu massa', 'nec nisi vulputate nonummy maecenas tincidunt lacus at velit vivamus', '2023-05-16', 8, 4, 6),
(23, 'ut nunc vestibulum ante', 'in faucibus orci luctus et ultrices posuere cubilia curae mauris', '2023-07-27', 5, 3, 2),
(24, 'viverra pede ac diam', 'mi sit amet lobortis sapien sapien non mi integer ac neque duis', '2023-07-27', 1, 1, 4),
(25, 'venenatis non sodales sed tincidunt', 'id mauris vulputate elementum nullam varius nulla facilisi cras non', '2023-07-13', 7, 1, 6),
(26, 'tincidunt ante vel ipsum praesent', 'libero ut massa volutpat convallis morbi odio odio elementum eu interdum eu tincidunt in', '2023-07-14', 4, 1, 6),
(27, 'ante vivamus tortor duis mattis', 'tempus semper est quam pharetra magna ac consequat metus sapien ut nunc vestibulum ante', '2023-06-12', 4, 4, 7),
(28, 'sociis natoque penatibus', 'sapien arcu sed augue aliquam erat volutpat in congue etiam justo etiam pretium iaculis justo in hac habitasse', '2023-04-18', 8, 1, 6),
(29, 'maecenas tristique est', 'vel pede morbi porttitor lorem id ligula suspendisse ornare consequat lectus in est', '2023-06-17', 6, 1, 9),
(30, 'ante ipsum primis in', 'tempus semper est quam pharetra magna ac consequat metus sapien ut nunc vestibulum ante ipsum', '2023-02-07', 6, 1, 3),
(31, 'ante vestibulum', 'rutrum ac lobortis vel dapibus at diam nam tristique tortor', '2023-02-08', 5, 4, 5),
(32, 'donec vitae nisi', 'aliquam convallis nunc proin at turpis a pede posuere nonummy integer non velit donec diam neque vestibulum', '2023-03-19', 2, 4, 10),
(33, 'in consequat ut nulla', 'sit amet consectetuer adipiscing elit proin risus praesent lectus vestibulum quam sapien varius ut blandit', '2023-06-03', 8, 1, 1),
(34, 'felis eu sapien cursus', 'venenatis non sodales sed tincidunt eu felis fusce posuere felis sed lacus', '2023-01-21', 7, 2, 11),
(35, 'consequat ut nulla sed', 'sed justo pellentesque viverra pede ac diam cras pellentesque volutpat dui maecenas tristique est et tempus', '2023-03-19', 3, 3, 5),
(36, 'nullam molestie', 'placerat ante nulla justo aliquam quis turpis eget elit sodales scelerisque mauris sit amet', '2023-06-09', 2, 1, 9),
(37, 'aliquam sit amet diam', 'cum sociis natoque penatibus et magnis dis parturient montes nascetur ridiculus mus vivamus', '2023-07-17', 7, 3, 4),
(38, 'in felis donec semper', 'nec nisi vulputate nonummy maecenas tincidunt lacus at velit vivamus vel nulla eget eros elementum', '2023-04-30', 6, 3, 3),
(39, 'dui nec', 'congue vivamus metus arcu adipiscing molestie hendrerit at vulputate vitae nisl aenean lectus pellentesque eget nunc', '2023-04-05', 3, 1, 11),
(40, 'lectus pellentesque at', 'orci mauris lacinia sapien quis libero nullam sit amet turpis elementum ligula vehicula consequat morbi a', '2023-06-23', 6, 3, 5),
(41, 'erat fermentum justo', 'morbi non lectus aliquam sit amet diam in magna bibendum imperdiet nullam orci pede venenatis non sodales sed tincidunt eu', '2023-07-20', 8, 4, 1),
(42, 'nulla mollis molestie', 'nunc vestibulum ante ipsum primis in faucibus orci luctus et ultrices posuere cubilia curae mauris viverra diam vitae', '2023-06-28', 3, 1, 3),
(43, 'mauris enim leo rhoncus sed', 'ultrices posuere cubilia curae mauris viverra diam vitae quam suspendisse potenti nullam porttitor lacus at turpis donec posuere metus', '2023-07-04', 8, 3, 1),
(44, 'ultrices vel augue vestibulum', 'faucibus cursus urna ut tellus nulla ut erat id mauris vulputate elementum nullam varius nulla facilisi cras non velit', '2023-04-28', 5, 1, 11),
(45, 'consequat ut nulla sed accumsan', 'ullamcorper purus sit amet nulla quisque arcu libero rutrum ac lobortis vel dapibus at diam nam tristique', '2023-04-11', 2, 2, 1),
(46, 'quis tortor id', 'ut massa volutpat convallis morbi odio odio elementum eu interdum eu tincidunt in leo maecenas pulvinar lobortis', '2023-02-27', 7, 4, 9),
(47, 'pede morbi porttitor lorem id', 'justo etiam pretium iaculis justo in hac habitasse platea dictumst etiam faucibus cursus urna ut tellus nulla ut erat', '2023-02-07', 2, 2, 8),
(48, 'curae mauris', 'ultrices posuere cubilia curae donec pharetra magna vestibulum aliquet ultrices erat tortor sollicitudin', '2023-03-29', 3, 4, 1),
(49, 'turpis elementum ligula vehicula', 'nisl aenean lectus pellentesque eget nunc donec quis orci eget orci vehicula', '2023-01-25', 6, 3, 2),
(50, 'dapibus at diam', 'at turpis a pede posuere nonummy integer non velit donec diam neque vestibulum eget vulputate ut ultrices', '2023-01-11', 6, 1, 7),
(51, 'et commodo vulputate justo in', 'montes nascetur ridiculus mus vivamus vestibulum sagittis sapien cum sociis natoque penatibus et magnis dis parturient montes', '2023-02-01', 6, 1, 3),
(52, 'fusce consequat nulla nisl', 'sociis natoque penatibus et magnis dis parturient montes nascetur ridiculus mus vivamus vestibulum sagittis sapien cum sociis natoque penatibus et', '2023-06-29', 7, 3, 8),
(53, 'maecenas tristique', 'interdum eu tincidunt in leo maecenas pulvinar lobortis est phasellus sit amet erat nulla tempus', '2023-03-04', 7, 1, 9),
(54, 'in libero', 'diam vitae quam suspendisse potenti nullam porttitor lacus at turpis', '2023-05-03', 1, 1, 2),
(55, 'amet consectetuer adipiscing elit', 'mauris eget massa tempor convallis nulla neque libero convallis eget eleifend luctus ultricies eu nibh quisque id justo sit', '2023-06-30', 6, 4, 5),
(56, 'est donec odio justo', 'et ultrices posuere cubilia curae nulla dapibus dolor vel est donec odio justo sollicitudin ut', '2023-07-17', 7, 3, 2),
(57, 'lobortis ligula sit', 'in faucibus orci luctus et ultrices posuere cubilia curae mauris viverra diam', '2023-01-18', 7, 1, 1),
(58, 'luctus ultricies eu', 'natoque penatibus et magnis dis parturient montes nascetur ridiculus mus etiam vel augue vestibulum rutrum', '2023-07-25', 2, 4, 5),
(59, 'ultrices posuere', 'in imperdiet et commodo vulputate justo in blandit ultrices enim lorem ipsum dolor sit amet consectetuer', '2023-01-09', 8, 1, 8),
(60, 'volutpat eleifend donec', 'pede malesuada in imperdiet et commodo vulputate justo in blandit ultrices enim lorem ipsum dolor', '2023-03-04', 2, 1, 9),
(61, 'sit amet diam', 'sit amet turpis elementum ligula vehicula consequat morbi a ipsum integer a nibh in quis justo maecenas', '2023-07-06', 2, 4, 8),
(62, 'justo etiam pretium iaculis', 'sapien in sapien iaculis congue vivamus metus arcu adipiscing molestie hendrerit at vulputate', '2023-05-29', 4, 3, 10),
(63, 'rutrum at lorem integer', 'vel pede morbi porttitor lorem id ligula suspendisse ornare consequat lectus in est', '2023-05-30', 5, 4, 7),
(64, 'eleifend quam', 'luctus tincidunt nulla mollis molestie lorem quisque ut erat curabitur gravida nisi at nibh in hac', '2023-03-10', 4, 1, 3),
(65, 'congue etiam justo', 'id massa id nisl venenatis lacinia aenean sit amet justo morbi ut', '2023-01-23', 3, 4, 3),
(66, 'posuere felis sed lacus morbi', 'cubilia curae donec pharetra magna vestibulum aliquet ultrices erat tortor sollicitudin mi sit amet lobortis sapien sapien non', '2023-06-25', 5, 1, 1),
(67, 'morbi vestibulum velit id', 'lobortis sapien sapien non mi integer ac neque duis bibendum morbi non quam nec dui', '2023-07-20', 3, 4, 2),
(68, 'luctus ultricies eu', 'libero nam dui proin leo odio porttitor id consequat in consequat ut nulla sed', '2023-05-20', 2, 2, 10),
(69, 'tincidunt eget', 'nam nulla integer pede justo lacinia eget tincidunt eget tempus vel pede morbi porttitor lorem id', '2023-01-31', 3, 1, 9),
(70, 'nullam sit', 'nisl ut volutpat sapien arcu sed augue aliquam erat volutpat', '2023-01-14', 6, 3, 2),
(71, 'convallis nulla neque libero convallis', 'hac habitasse platea dictumst maecenas ut massa quis augue luctus tincidunt nulla mollis molestie lorem quisque ut erat curabitur gravida', '2023-05-26', 7, 3, 7),
(72, 'a nibh in quis justo', 'blandit nam nulla integer pede justo lacinia eget tincidunt eget tempus vel pede morbi porttitor lorem id ligula', '2023-02-21', 1, 3, 8),
(73, 'in hac habitasse platea', 'dui maecenas tristique est et tempus semper est quam pharetra magna', '2023-07-31', 5, 1, 6),
(74, 'aenean fermentum', 'eu orci mauris lacinia sapien quis libero nullam sit amet turpis elementum ligula vehicula consequat morbi a ipsum', '2023-01-19', 1, 3, 6),
(75, 'pellentesque volutpat dui', 'tempus vivamus in felis eu sapien cursus vestibulum proin eu mi nulla ac enim in tempor', '2023-04-19', 2, 4, 11),
(76, 'amet sem', 'dui maecenas tristique est et tempus semper est quam pharetra magna ac consequat', '2023-03-22', 4, 2, 5),
(77, 'a odio in', 'at dolor quis odio consequat varius integer ac leo pellentesque ultrices mattis odio donec vitae nisi nam', '2023-01-27', 4, 4, 9),
(78, 'massa quis augue luctus tincidunt', 'at ipsum ac tellus semper interdum mauris ullamcorper purus sit amet nulla quisque arcu libero rutrum ac lobortis vel dapibus', '2023-05-22', 8, 3, 1),
(79, 'turpis eget', 'quam nec dui luctus rutrum nulla tellus in sagittis dui vel nisl duis', '2023-06-21', 7, 2, 8),
(80, 'porta volutpat quam pede', 'integer pede justo lacinia eget tincidunt eget tempus vel pede', '2023-06-02', 7, 1, 7),
(81, 'maecenas ut massa quis', 'in libero ut massa volutpat convallis morbi odio odio elementum eu interdum eu tincidunt', '2023-07-25', 3, 2, 5),
(82, 'velit donec diam neque', 'non quam nec dui luctus rutrum nulla tellus in sagittis dui vel nisl duis ac nibh fusce lacus', '2023-03-30', 1, 2, 1),
(83, 'ante vestibulum ante ipsum', 'feugiat et eros vestibulum ac est lacinia nisi venenatis tristique fusce', '2023-06-09', 5, 3, 10),
(84, 'mauris ullamcorper', 'tristique est et tempus semper est quam pharetra magna ac consequat metus sapien ut nunc', '2023-07-15', 3, 2, 7),
(85, 'dolor quis odio consequat varius', 'faucibus orci luctus et ultrices posuere cubilia curae nulla dapibus', '2023-06-01', 3, 2, 8),
(86, 'quis augue', 'interdum mauris ullamcorper purus sit amet nulla quisque arcu libero rutrum ac lobortis', '2023-06-24', 4, 1, 8),
(87, 'orci luctus et', 'ultrices posuere cubilia curae duis faucibus accumsan odio curabitur convallis', '2023-04-01', 5, 4, 10),
(88, 'auctor sed tristique in tempus', 'justo lacinia eget tincidunt eget tempus vel pede morbi porttitor', '2023-02-15', 5, 4, 5),
(89, 'ut nunc', 'pellentesque volutpat dui maecenas tristique est et tempus semper est quam pharetra magna ac consequat metus sapien ut nunc vestibulum', '2023-07-27', 5, 4, 5),
(90, 'erat vestibulum sed magna', 'vestibulum rutrum rutrum neque aenean auctor gravida sem praesent id massa id', '2023-04-06', 6, 1, 7),
(91, 'curabitur gravida', 'dis parturient montes nascetur ridiculus mus etiam vel augue vestibulum', '2023-06-09', 5, 3, 6),
(92, 'purus aliquet', 'semper sapien a libero nam dui proin leo odio porttitor id consequat in consequat ut', '2023-04-25', 4, 1, 5),
(93, 'id nisl venenatis', 'tempus vel pede morbi porttitor lorem id ligula suspendisse ornare consequat lectus', '2023-04-15', 8, 3, 4),
(94, 'mattis pulvinar', 'quis turpis eget elit sodales scelerisque mauris sit amet eros suspendisse accumsan tortor quis turpis sed ante vivamus', '2023-05-23', 7, 3, 10),
(95, 'suscipit a feugiat et', 'in lectus pellentesque at nulla suspendisse potenti cras in purus eu magna vulputate luctus', '2023-04-30', 5, 4, 11),
(96, 'eget tempus vel pede', 'nisi eu orci mauris lacinia sapien quis libero nullam sit amet turpis elementum ligula vehicula consequat morbi a ipsum', '2023-01-04', 2, 2, 3),
(97, 'luctus et ultrices', 'magna at nunc commodo placerat praesent blandit nam nulla integer pede justo lacinia eget', '2023-06-10', 5, 1, 2),
(98, 'eros elementum pellentesque', 'ut erat curabitur gravida nisi at nibh in hac habitasse platea dictumst aliquam augue quam sollicitudin vitae', '2023-03-08', 4, 4, 2),
(99, 'potenti nullam porttitor', 'metus sapien ut nunc vestibulum ante ipsum primis in faucibus orci', '2023-05-29', 1, 2, 7),
(100, 'luctus rutrum nulla tellus', 'libero nullam sit amet turpis elementum ligula vehicula consequat morbi a ipsum integer a nibh in', '2023-05-16', 7, 3, 10),
(101, 'eget semper rutrum nulla', 'non lectus aliquam sit amet diam in magna bibendum imperdiet nullam orci pede venenatis non', '2023-03-07', 1, 2, 8),
(102, 'a ipsum integer a', 'metus arcu adipiscing molestie hendrerit at vulputate vitae nisl aenean lectus pellentesque eget nunc donec quis orci', '2023-06-11', 7, 2, 5),
(103, 'vestibulum vestibulum ante ipsum primis', 'massa volutpat convallis morbi odio odio elementum eu interdum eu tincidunt in leo maecenas pulvinar lobortis est', '2023-06-06', 1, 1, 3),
(104, 'pretium iaculis justo in hac', 'nulla nisl nunc nisl duis bibendum felis sed interdum venenatis turpis enim blandit mi', '2023-02-20', 1, 1, 4),
(105, 'sapien dignissim vestibulum vestibulum', 'ultrices posuere cubilia curae mauris viverra diam vitae quam suspendisse potenti nullam porttitor lacus at turpis donec posuere metus', '2023-04-20', 7, 4, 8),
(106, 'turpis adipiscing lorem vitae', 'ultricies eu nibh quisque id justo sit amet sapien dignissim vestibulum vestibulum', '2023-07-19', 5, 4, 7),
(107, 'vivamus vestibulum', 'augue a suscipit nulla elit ac nulla sed vel enim', '2023-01-18', 7, 2, 5),
(108, 'et commodo vulputate justo in', 'porttitor lorem id ligula suspendisse ornare consequat lectus in est risus auctor sed tristique in tempus sit amet sem', '2023-07-08', 4, 4, 5),
(109, 'libero non', 'cursus vestibulum proin eu mi nulla ac enim in tempor turpis nec euismod scelerisque quam turpis adipiscing lorem', '2023-01-17', 8, 2, 1),
(110, 'ac neque duis bibendum', 'nunc viverra dapibus nulla suscipit ligula in lacus curabitur at ipsum ac tellus semper interdum mauris', '2023-06-27', 4, 3, 4),
(111, 'ut suscipit a', 'hac habitasse platea dictumst aliquam augue quam sollicitudin vitae consectetuer eget rutrum at lorem integer tincidunt ante vel', '2023-04-02', 5, 3, 10),
(112, 'ac nibh fusce lacus purus', 'nullam orci pede venenatis non sodales sed tincidunt eu felis', '2023-01-03', 3, 4, 10),
(113, 'libero rutrum ac lobortis', 'vestibulum sagittis sapien cum sociis natoque penatibus et magnis dis parturient montes nascetur ridiculus mus etiam vel', '2023-07-07', 7, 4, 6),
(114, 'tortor duis', 'eu sapien cursus vestibulum proin eu mi nulla ac enim', '2023-04-14', 3, 3, 7),
(115, 'risus dapibus augue vel', 'sit amet sem fusce consequat nulla nisl nunc nisl duis bibendum felis', '2023-03-01', 8, 4, 11),
(116, 'quis orci eget orci vehicula', 'vestibulum ac est lacinia nisi venenatis tristique fusce congue diam id ornare imperdiet sapien urna pretium nisl ut', '2023-07-24', 8, 2, 7),
(117, 'volutpat in', 'consectetuer adipiscing elit proin interdum mauris non ligula pellentesque ultrices phasellus id sapien in', '2023-04-06', 8, 4, 4),
(118, 'magna at nunc', 'pretium nisl ut volutpat sapien arcu sed augue aliquam erat volutpat in congue etiam justo etiam', '2023-02-04', 4, 4, 1),
(119, 'urna pretium', 'pellentesque ultrices phasellus id sapien in sapien iaculis congue vivamus metus arcu adipiscing molestie hendrerit at vulputate vitae nisl aenean', '2023-06-10', 5, 4, 11),
(120, 'nulla elit ac', 'mauris sit amet eros suspendisse accumsan tortor quis turpis sed ante vivamus tortor duis', '2023-05-22', 2, 3, 1),
(121, 'aliquam erat volutpat in', 'tortor duis mattis egestas metus aenean fermentum donec ut mauris eget massa tempor convallis nulla neque libero', '2023-06-23', 6, 3, 4),
(122, 'vel augue vestibulum rutrum', 'dolor sit amet consectetuer adipiscing elit proin interdum mauris non ligula pellentesque ultrices phasellus id', '2023-03-09', 6, 3, 6),
(123, 'vestibulum quam', 'faucibus accumsan odio curabitur convallis duis consequat dui nec nisi volutpat eleifend donec ut dolor morbi vel', '2023-01-24', 1, 4, 8),
(124, 'aenean sit amet justo', 'tortor risus dapibus augue vel accumsan tellus nisi eu orci mauris lacinia', '2023-02-28', 4, 4, 7),
(125, 'nulla nunc purus phasellus', 'nullam varius nulla facilisi cras non velit nec nisi vulputate nonummy maecenas tincidunt lacus at velit vivamus', '2023-05-21', 1, 3, 7),
(126, 'lectus pellentesque eget', 'praesent blandit lacinia erat vestibulum sed magna at nunc commodo placerat praesent blandit nam nulla integer pede', '2023-02-18', 5, 4, 1),
(127, 'leo pellentesque', 'ligula sit amet eleifend pede libero quis orci nullam molestie nibh in lectus pellentesque at nulla suspendisse potenti', '2023-01-10', 7, 2, 4),
(128, 'fusce posuere', 'dui vel nisl duis ac nibh fusce lacus purus aliquet at feugiat non pretium quis lectus', '2023-01-18', 6, 4, 8),
(129, 'magna vestibulum aliquet ultrices erat', 'a feugiat et eros vestibulum ac est lacinia nisi venenatis tristique fusce', '2023-06-11', 6, 2, 11),
(130, 'sagittis nam congue risus semper', 'at turpis a pede posuere nonummy integer non velit donec diam', '2023-05-03', 6, 3, 7),
(131, 'justo in', 'enim lorem ipsum dolor sit amet consectetuer adipiscing elit proin interdum mauris', '2023-08-01', 8, 4, 9),
(132, 'viverra dapibus', 'morbi quis tortor id nulla ultrices aliquet maecenas leo odio', '2023-01-22', 2, 1, 1),
(133, 'neque aenean auctor', 'amet sapien dignissim vestibulum vestibulum ante ipsum primis in faucibus', '2023-07-23', 4, 4, 10),
(134, 'aliquam erat volutpat in congue', 'sed tincidunt eu felis fusce posuere felis sed lacus morbi sem', '2023-03-29', 6, 1, 3),
(135, 'non velit donec diam', 'at nibh in hac habitasse platea dictumst aliquam augue quam sollicitudin vitae consectetuer eget rutrum at lorem integer tincidunt', '2023-03-12', 7, 2, 1),
(136, 'metus aenean fermentum donec ut', 'nulla pede ullamcorper augue a suscipit nulla elit ac nulla sed vel enim sit amet nunc viverra dapibus nulla suscipit', '2023-02-28', 3, 1, 8),
(137, 'integer ac leo pellentesque ultrices', 'habitasse platea dictumst maecenas ut massa quis augue luctus tincidunt', '2023-05-08', 2, 4, 1),
(138, 'convallis duis consequat', 'elit ac nulla sed vel enim sit amet nunc viverra', '2023-06-20', 2, 2, 3),
(139, 'sapien cursus', 'quis libero nullam sit amet turpis elementum ligula vehicula consequat morbi a', '2023-05-07', 3, 1, 9),
(140, 'amet diam in magna bibendum', 'turpis adipiscing lorem vitae mattis nibh ligula nec sem duis aliquam convallis nunc proin at turpis a', '2023-02-22', 8, 3, 8),
(141, 'enim sit amet', 'eu nibh quisque id justo sit amet sapien dignissim vestibulum vestibulum ante ipsum', '2023-03-30', 5, 1, 4),
(142, 'et eros', 'condimentum neque sapien placerat ante nulla justo aliquam quis turpis', '2023-05-14', 1, 1, 1),
(143, 'donec vitae', 'dignissim vestibulum vestibulum ante ipsum primis in faucibus orci luctus et ultrices posuere cubilia', '2023-04-29', 6, 4, 9),
(144, 'lacinia eget tincidunt eget tempus', 'varius nulla facilisi cras non velit nec nisi vulputate nonummy maecenas tincidunt lacus at velit vivamus vel nulla eget eros', '2023-01-21', 3, 3, 9),
(145, 'sed tristique in tempus', 'enim in tempor turpis nec euismod scelerisque quam turpis adipiscing lorem', '2023-06-19', 3, 1, 7),
(146, 'cras in purus eu', 'cursus urna ut tellus nulla ut erat id mauris vulputate elementum nullam', '2023-05-24', 4, 2, 4),
(147, 'aliquet massa', 'suscipit a feugiat et eros vestibulum ac est lacinia nisi venenatis tristique fusce congue diam id ornare', '2023-02-19', 6, 3, 11),
(148, 'congue diam id ornare imperdiet', 'amet turpis elementum ligula vehicula consequat morbi a ipsum integer a nibh in quis justo maecenas rhoncus aliquam', '2023-02-08', 3, 2, 3),
(149, 'aliquam non mauris morbi', 'nisl aenean lectus pellentesque eget nunc donec quis orci eget orci vehicula', '2023-07-29', 6, 1, 2),
(150, 'aliquet at feugiat', 'lorem integer tincidunt ante vel ipsum praesent blandit lacinia erat vestibulum sed magna', '2023-04-25', 2, 2, 11),
(151, 'elit ac nulla sed', 'eu tincidunt in leo maecenas pulvinar lobortis est phasellus sit amet erat nulla tempus vivamus in felis eu', '2023-04-24', 5, 4, 2),
(152, 'ultrices phasellus', 'sit amet erat nulla tempus vivamus in felis eu sapien cursus', '2023-02-13', 2, 2, 11),
(153, 'eros vestibulum ac', 'nascetur ridiculus mus etiam vel augue vestibulum rutrum rutrum neque aenean auctor', '2023-01-22', 8, 3, 5),
(154, 'vestibulum sagittis sapien', 'orci luctus et ultrices posuere cubilia curae nulla dapibus dolor vel est donec odio justo sollicitudin ut suscipit a', '2023-07-13', 6, 1, 7),
(155, 'turpis eget', 'sapien in sapien iaculis congue vivamus metus arcu adipiscing molestie hendrerit at vulputate', '2023-04-24', 2, 4, 8),
(156, 'convallis nunc', 'ullamcorper purus sit amet nulla quisque arcu libero rutrum ac lobortis vel', '2023-04-19', 1, 4, 4),
(157, 'aenean lectus pellentesque', 'in lacus curabitur at ipsum ac tellus semper interdum mauris ullamcorper', '2023-04-17', 4, 4, 11),
(158, 'purus aliquet at feugiat non', 'fringilla rhoncus mauris enim leo rhoncus sed vestibulum sit amet cursus id turpis integer', '2023-03-16', 2, 1, 9),
(159, 'blandit mi in porttitor', 'viverra diam vitae quam suspendisse potenti nullam porttitor lacus at turpis donec posuere metus vitae ipsum aliquam non', '2023-03-07', 6, 2, 10),
(160, 'turpis elementum ligula', 'aliquet at feugiat non pretium quis lectus suspendisse potenti in eleifend quam', '2023-06-17', 8, 3, 8),
(161, 'nulla suscipit ligula', 'et ultrices posuere cubilia curae donec pharetra magna vestibulum aliquet', '2023-02-02', 7, 1, 6),
(162, 'tortor id nulla ultrices', 'venenatis lacinia aenean sit amet justo morbi ut odio cras mi pede malesuada in imperdiet et commodo', '2023-07-29', 1, 2, 2),
(163, 'condimentum id luctus nec', 'metus arcu adipiscing molestie hendrerit at vulputate vitae nisl aenean lectus pellentesque eget', '2023-03-09', 2, 1, 11),
(164, 'praesent blandit', 'auctor sed tristique in tempus sit amet sem fusce consequat nulla nisl nunc nisl', '2023-03-19', 8, 1, 11),
(165, 'dictumst aliquam augue', 'ante ipsum primis in faucibus orci luctus et ultrices posuere cubilia curae nulla dapibus dolor vel est donec odio', '2023-06-22', 8, 2, 3),
(166, 'sapien ut nunc', 'posuere cubilia curae donec pharetra magna vestibulum aliquet ultrices erat tortor sollicitudin mi sit amet lobortis sapien sapien', '2023-01-16', 5, 1, 2),
(167, 'lobortis vel dapibus at diam', 'ullamcorper augue a suscipit nulla elit ac nulla sed vel enim sit amet nunc viverra dapibus', '2023-04-15', 2, 4, 1),
(168, 'euismod scelerisque quam', 'nisi nam ultrices libero non mattis pulvinar nulla pede ullamcorper', '2023-02-08', 1, 2, 2),
(169, 'turpis sed ante', 'libero ut massa volutpat convallis morbi odio odio elementum eu interdum eu tincidunt', '2023-04-23', 4, 2, 6),
(170, 'amet turpis', 'sapien cursus vestibulum proin eu mi nulla ac enim in tempor turpis nec euismod scelerisque quam turpis', '2023-07-29', 5, 3, 9),
(171, 'eros elementum pellentesque quisque', 'nullam sit amet turpis elementum ligula vehicula consequat morbi a ipsum integer a nibh', '2023-04-23', 4, 4, 5),
(172, 'quam suspendisse potenti nullam porttitor', 'ante vestibulum ante ipsum primis in faucibus orci luctus et ultrices posuere cubilia curae duis faucibus accumsan odio curabitur', '2023-04-15', 2, 3, 4),
(173, 'eu tincidunt in', 'in lectus pellentesque at nulla suspendisse potenti cras in purus eu magna vulputate luctus cum sociis', '2023-07-30', 2, 1, 10),
(174, 'vel augue', 'primis in faucibus orci luctus et ultrices posuere cubilia curae donec pharetra magna vestibulum aliquet ultrices erat tortor', '2023-01-11', 3, 1, 7),
(175, 'laoreet ut rhoncus aliquet', 'non velit nec nisi vulputate nonummy maecenas tincidunt lacus at velit vivamus vel nulla eget eros elementum pellentesque quisque porta', '2023-04-07', 8, 4, 3),
(176, 'nisl aenean lectus pellentesque', 'ut rhoncus aliquet pulvinar sed nisl nunc rhoncus dui vel sem', '2023-06-14', 7, 2, 3),
(177, 'magna ac', 'neque aenean auctor gravida sem praesent id massa id nisl venenatis', '2023-07-04', 5, 1, 11),
(178, 'ligula pellentesque ultrices phasellus', 'curae donec pharetra magna vestibulum aliquet ultrices erat tortor sollicitudin mi sit amet lobortis sapien sapien non mi integer ac', '2023-02-03', 8, 1, 10),
(179, 'nonummy integer', 'mauris sit amet eros suspendisse accumsan tortor quis turpis sed ante vivamus tortor duis', '2023-06-27', 5, 2, 3),
(180, 'interdum mauris ullamcorper purus sit', 'nonummy integer non velit donec diam neque vestibulum eget vulputate ut ultrices', '2023-04-17', 2, 4, 7),
(181, 'a suscipit nulla', 'neque sapien placerat ante nulla justo aliquam quis turpis eget', '2023-07-07', 5, 4, 6),
(182, 'morbi vestibulum velit', 'tincidunt nulla mollis molestie lorem quisque ut erat curabitur gravida nisi at nibh in hac habitasse platea dictumst', '2023-03-26', 3, 2, 5),
(183, 'enim blandit mi in', 'enim in tempor turpis nec euismod scelerisque quam turpis adipiscing', '2023-06-09', 1, 1, 5),
(184, 'ligula nec sem duis', 'duis at velit eu est congue elementum in hac habitasse platea', '2023-05-19', 3, 2, 4),
(185, 'donec odio justo sollicitudin', 'pede ullamcorper augue a suscipit nulla elit ac nulla sed vel enim sit amet nunc viverra dapibus nulla suscipit ligula', '2023-05-01', 7, 3, 10),
(186, 'quam turpis adipiscing', 'blandit non interdum in ante vestibulum ante ipsum primis in faucibus orci luctus', '2023-05-23', 5, 1, 11),
(187, 'at lorem integer tincidunt', 'gravida nisi at nibh in hac habitasse platea dictumst aliquam', '2023-02-21', 2, 3, 10),
(188, 'vestibulum quam sapien varius ut', 'vestibulum proin eu mi nulla ac enim in tempor turpis nec euismod', '2023-04-19', 5, 2, 1),
(189, 'accumsan tortor', 'aliquet pulvinar sed nisl nunc rhoncus dui vel sem sed sagittis nam congue risus semper porta', '2023-04-24', 3, 2, 5),
(190, 'amet consectetuer adipiscing', 'sapien dignissim vestibulum vestibulum ante ipsum primis in faucibus orci luctus et ultrices', '2023-04-30', 2, 2, 6),
(191, 'sagittis nam congue risus semper', 'dapibus nulla suscipit ligula in lacus curabitur at ipsum ac tellus semper interdum mauris ullamcorper purus sit', '2023-02-08', 6, 4, 7),
(192, 'sociis natoque', 'elementum in hac habitasse platea dictumst morbi vestibulum velit id pretium iaculis diam erat fermentum justo', '2023-03-09', 4, 3, 7),
(193, 'sollicitudin vitae consectetuer eget rutrum', 'nulla facilisi cras non velit nec nisi vulputate nonummy maecenas', '2023-02-14', 7, 4, 7),
(194, 'primis in', 'nulla sed vel enim sit amet nunc viverra dapibus nulla suscipit', '2023-05-28', 2, 2, 4),
(195, 'in consequat', 'luctus nec molestie sed justo pellentesque viverra pede ac diam cras pellentesque volutpat dui maecenas tristique', '2023-05-23', 5, 1, 3),
(196, 'magna vulputate', 'volutpat erat quisque erat eros viverra eget congue eget semper rutrum nulla nunc purus phasellus in felis donec semper', '2023-03-05', 6, 1, 10),
(197, 'nulla nunc purus phasellus in', 'suspendisse potenti nullam porttitor lacus at turpis donec posuere metus', '2023-07-03', 7, 3, 4),
(198, 'nam nulla', 'nulla elit ac nulla sed vel enim sit amet nunc viverra dapibus nulla suscipit ligula', '2023-03-01', 6, 3, 6),
(199, 'elit sodales scelerisque mauris', 'enim blandit mi in porttitor pede justo eu massa donec dapibus', '2023-05-06', 4, 2, 8),
(200, 'ridiculus mus vivamus vestibulum', 'lectus pellentesque eget nunc donec quis orci eget orci vehicula condimentum curabitur', '2023-06-24', 2, 2, 9),
(201, 'hac habitasse platea dictumst maecenas', 'nisl nunc nisl duis bibendum felis sed interdum venenatis turpis enim blandit mi in porttitor pede justo eu', '2023-05-10', 8, 2, 6),
(202, 'nec sem duis aliquam', 'turpis a pede posuere nonummy integer non velit donec diam neque vestibulum eget vulputate ut ultrices vel', '2023-01-07', 3, 3, 3),
(203, 'justo eu massa donec dapibus', 'lorem ipsum dolor sit amet consectetuer adipiscing elit proin risus praesent lectus vestibulum quam', '2023-02-28', 6, 3, 11),
(204, 'rhoncus aliquet pulvinar sed nisl', 'consequat nulla nisl nunc nisl duis bibendum felis sed interdum venenatis turpis enim blandit mi in porttitor', '2023-04-02', 5, 4, 10),
(205, 'morbi vestibulum velit id', 'vestibulum sed magna at nunc commodo placerat praesent blandit nam nulla integer pede justo lacinia eget tincidunt eget', '2023-05-25', 5, 1, 11),
(206, 'vel nulla', 'consequat morbi a ipsum integer a nibh in quis justo maecenas rhoncus aliquam lacus morbi quis', '2023-04-01', 4, 1, 2),
(207, 'in faucibus', 'sapien iaculis congue vivamus metus arcu adipiscing molestie hendrerit at vulputate vitae nisl aenean lectus pellentesque eget nunc donec', '2023-01-03', 8, 1, 1),
(208, 'et magnis dis parturient', 'varius ut blandit non interdum in ante vestibulum ante ipsum primis in faucibus orci luctus', '2023-05-14', 6, 2, 6),
(209, 'ultrices vel augue vestibulum ante', 'lacus at turpis donec posuere metus vitae ipsum aliquam non mauris morbi non lectus aliquam sit amet diam', '2023-05-10', 4, 1, 9),
(210, 'sit amet', 'vestibulum eget vulputate ut ultrices vel augue vestibulum ante ipsum primis in faucibus orci luctus et', '2023-07-05', 1, 3, 4),
(211, 'turpis eget elit sodales', 'neque vestibulum eget vulputate ut ultrices vel augue vestibulum ante ipsum primis in faucibus orci luctus et ultrices posuere cubilia', '2023-01-01', 1, 2, 11),
(212, 'vulputate luctus', 'maecenas pulvinar lobortis est phasellus sit amet erat nulla tempus vivamus in felis eu sapien cursus vestibulum', '2023-01-14', 3, 1, 2),
(213, 'donec quis', 'maecenas tincidunt lacus at velit vivamus vel nulla eget eros elementum pellentesque quisque porta volutpat erat quisque erat eros viverra', '2023-03-31', 7, 2, 11),
(214, 'sed nisl nunc rhoncus', 'consequat metus sapien ut nunc vestibulum ante ipsum primis in faucibus orci luctus et ultrices posuere cubilia curae mauris viverra', '2023-01-09', 5, 4, 7),
(215, 'libero nullam', 'convallis eget eleifend luctus ultricies eu nibh quisque id justo sit amet sapien dignissim vestibulum vestibulum ante', '2023-06-07', 1, 3, 8),
(216, 'quis augue luctus', 'sed sagittis nam congue risus semper porta volutpat quam pede lobortis ligula', '2023-07-26', 1, 2, 11),
(217, 'justo sit', 'praesent lectus vestibulum quam sapien varius ut blandit non interdum in ante vestibulum ante', '2023-07-03', 4, 1, 6),
(218, 'in purus eu', 'sit amet lobortis sapien sapien non mi integer ac neque duis bibendum morbi non quam nec dui', '2023-06-29', 5, 4, 6),
(219, 'odio porttitor id consequat in', 'ipsum primis in faucibus orci luctus et ultrices posuere cubilia curae nulla dapibus dolor vel est donec odio', '2023-02-11', 6, 3, 7),
(220, 'ut blandit non interdum', 'justo in blandit ultrices enim lorem ipsum dolor sit amet', '2023-06-09', 1, 2, 10),
(221, 'feugiat non pretium quis', 'aliquam non mauris morbi non lectus aliquam sit amet diam in magna bibendum imperdiet nullam orci pede venenatis', '2023-05-04', 7, 4, 4),
(222, 'primis in', 'dui proin leo odio porttitor id consequat in consequat ut nulla', '2023-05-19', 7, 2, 10),
(223, 'morbi vestibulum velit', 'placerat praesent blandit nam nulla integer pede justo lacinia eget tincidunt eget', '2023-02-13', 4, 4, 11),
(224, 'turpis elementum ligula vehicula', 'libero convallis eget eleifend luctus ultricies eu nibh quisque id', '2023-03-23', 4, 1, 7),
(225, 'tristique est et tempus', 'erat vestibulum sed magna at nunc commodo placerat praesent blandit nam nulla integer pede justo lacinia eget', '2023-02-20', 4, 2, 1),
(226, 'hac habitasse platea dictumst aliquam', 'elementum in hac habitasse platea dictumst morbi vestibulum velit id pretium iaculis diam erat fermentum', '2023-02-10', 3, 2, 2),
(227, 'lectus in quam', 'cum sociis natoque penatibus et magnis dis parturient montes nascetur ridiculus mus vivamus vestibulum sagittis sapien cum sociis natoque penatibus', '2023-02-10', 4, 4, 8),
(228, 'congue risus semper', 'cubilia curae mauris viverra diam vitae quam suspendisse potenti nullam porttitor lacus at turpis donec posuere metus vitae ipsum', '2023-01-11', 3, 3, 11),
(229, 'aliquam augue', 'et ultrices posuere cubilia curae nulla dapibus dolor vel est donec odio justo sollicitudin ut', '2023-07-26', 6, 1, 9),
(230, 'bibendum felis sed', 'in sapien iaculis congue vivamus metus arcu adipiscing molestie hendrerit at vulputate vitae nisl aenean', '2023-05-16', 2, 1, 2),
(231, 'augue quam sollicitudin vitae consectetuer', 'tincidunt eu felis fusce posuere felis sed lacus morbi sem mauris laoreet ut rhoncus aliquet pulvinar sed', '2023-05-21', 5, 3, 10),
(232, 'in lacus', 'varius integer ac leo pellentesque ultrices mattis odio donec vitae nisi nam ultrices libero non mattis pulvinar nulla pede ullamcorper', '2023-07-06', 7, 4, 4),
(233, 'justo aliquam', 'nam congue risus semper porta volutpat quam pede lobortis ligula sit amet eleifend', '2023-02-13', 3, 1, 1),
(234, 'sed vel enim sit', 'consequat in consequat ut nulla sed accumsan felis ut at dolor quis odio consequat varius integer', '2023-02-25', 5, 1, 7),
(235, 'tempor convallis nulla', 'ipsum primis in faucibus orci luctus et ultrices posuere cubilia curae donec pharetra magna vestibulum aliquet', '2023-07-15', 4, 1, 4),
(236, 'sit amet sem', 'velit id pretium iaculis diam erat fermentum justo nec condimentum neque sapien placerat ante nulla justo', '2023-07-15', 8, 2, 5),
(237, 'in felis donec semper', 'aliquet at feugiat non pretium quis lectus suspendisse potenti in eleifend quam a odio in hac habitasse platea dictumst maecenas', '2023-05-02', 2, 4, 2),
(238, 'volutpat convallis morbi', 'sit amet erat nulla tempus vivamus in felis eu sapien cursus vestibulum proin eu mi', '2023-02-20', 8, 4, 1),
(239, 'natoque penatibus et magnis', 'habitasse platea dictumst maecenas ut massa quis augue luctus tincidunt nulla mollis molestie lorem', '2023-02-18', 2, 1, 3),
(240, 'mauris non ligula pellentesque', 'nunc donec quis orci eget orci vehicula condimentum curabitur in libero ut', '2023-04-10', 3, 3, 7),
(241, 'ut volutpat', 'eu orci mauris lacinia sapien quis libero nullam sit amet turpis elementum ligula vehicula consequat morbi', '2023-06-12', 5, 1, 3),
(242, 'luctus et ultrices posuere cubilia', 'elementum in hac habitasse platea dictumst morbi vestibulum velit id pretium iaculis diam erat', '2023-06-27', 7, 1, 8),
(243, 'suscipit nulla elit', 'quisque id justo sit amet sapien dignissim vestibulum vestibulum ante ipsum primis in faucibus', '2023-07-22', 3, 2, 10),
(244, 'aenean sit amet', 'pede venenatis non sodales sed tincidunt eu felis fusce posuere felis sed lacus', '2023-02-24', 4, 1, 7),
(245, 'eleifend pede libero', 'nullam molestie nibh in lectus pellentesque at nulla suspendisse potenti cras in purus eu magna vulputate', '2023-03-19', 3, 1, 10),
(246, 'cubilia curae donec', 'sit amet diam in magna bibendum imperdiet nullam orci pede venenatis non sodales sed tincidunt eu', '2023-07-09', 4, 2, 6),
(247, 'quis odio consequat varius integer', 'primis in faucibus orci luctus et ultrices posuere cubilia curae mauris viverra diam vitae quam suspendisse potenti nullam', '2023-04-26', 7, 2, 3),
(248, 'orci vehicula condimentum', 'justo aliquam quis turpis eget elit sodales scelerisque mauris sit amet eros suspendisse', '2023-02-28', 3, 2, 3),
(249, 'luctus et ultrices posuere cubilia', 'et ultrices posuere cubilia curae nulla dapibus dolor vel est donec odio', '2023-07-29', 8, 4, 11),
(250, 'lacinia erat vestibulum sed', 'molestie hendrerit at vulputate vitae nisl aenean lectus pellentesque eget nunc donec quis orci eget orci vehicula condimentum', '2023-01-16', 4, 1, 10),
(251, 'suspendisse ornare consequat lectus in', 'nulla pede ullamcorper augue a suscipit nulla elit ac nulla sed vel enim sit amet nunc viverra dapibus nulla', '2023-02-23', 6, 3, 6),
(252, 'duis bibendum morbi non quam', 'mauris viverra diam vitae quam suspendisse potenti nullam porttitor lacus at', '2023-03-22', 7, 4, 2),
(253, 'cras in purus', 'in hac habitasse platea dictumst etiam faucibus cursus urna ut tellus nulla ut erat id mauris vulputate elementum nullam varius', '2023-04-28', 8, 1, 6),
(254, 'ac nibh fusce lacus purus', 'vestibulum sagittis sapien cum sociis natoque penatibus et magnis dis', '2023-02-15', 8, 1, 4),
(255, 'et ultrices posuere cubilia curae', 'vitae mattis nibh ligula nec sem duis aliquam convallis nunc proin', '2023-01-20', 5, 3, 6),
(256, 'adipiscing elit', 'commodo vulputate justo in blandit ultrices enim lorem ipsum dolor', '2023-06-08', 6, 1, 3),
(257, 'sem duis', 'suspendisse potenti cras in purus eu magna vulputate luctus cum', '2023-04-19', 8, 3, 3),
(258, 'libero ut massa volutpat', 'eu nibh quisque id justo sit amet sapien dignissim vestibulum vestibulum ante ipsum primis', '2023-01-08', 2, 3, 4),
(259, 'in hac habitasse platea dictumst', 'rutrum nulla tellus in sagittis dui vel nisl duis ac nibh fusce lacus purus', '2023-07-03', 3, 3, 8),
(260, 'laoreet ut rhoncus', 'integer aliquet massa id lobortis convallis tortor risus dapibus augue vel accumsan tellus', '2023-07-15', 2, 4, 5),
(261, 'est phasellus sit amet erat', 'vel augue vestibulum ante ipsum primis in faucibus orci luctus et ultrices posuere cubilia', '2023-07-07', 6, 1, 4),
(262, 'turpis sed ante vivamus', 'massa id lobortis convallis tortor risus dapibus augue vel accumsan tellus nisi eu orci mauris', '2023-02-10', 6, 4, 1),
(263, 'cras pellentesque volutpat', 'ac consequat metus sapien ut nunc vestibulum ante ipsum primis in faucibus orci luctus', '2023-02-14', 1, 4, 6),
(264, 'luctus et', 'vitae consectetuer eget rutrum at lorem integer tincidunt ante vel ipsum praesent', '2023-01-28', 7, 1, 5),
(265, 'et ultrices posuere cubilia', 'justo maecenas rhoncus aliquam lacus morbi quis tortor id nulla ultrices aliquet maecenas leo odio condimentum', '2023-03-14', 3, 2, 5),
(266, 'ultrices posuere cubilia curae', 'primis in faucibus orci luctus et ultrices posuere cubilia curae nulla dapibus dolor vel est donec', '2023-03-14', 4, 3, 8),
(267, 'lorem id ligula', 'felis eu sapien cursus vestibulum proin eu mi nulla ac enim in tempor turpis nec euismod', '2023-03-22', 8, 1, 5),
(268, 'in lacus', 'faucibus orci luctus et ultrices posuere cubilia curae duis faucibus accumsan odio curabitur convallis', '2023-04-10', 5, 3, 11),
(269, 'quis tortor id', 'venenatis non sodales sed tincidunt eu felis fusce posuere felis sed lacus', '2023-02-03', 8, 3, 11),
(270, 'tortor eu', 'tortor risus dapibus augue vel accumsan tellus nisi eu orci mauris lacinia sapien quis', '2023-05-18', 2, 2, 2),
(271, 'metus vitae', 'in felis donec semper sapien a libero nam dui proin leo odio porttitor id', '2023-06-10', 5, 4, 9),
(272, 'semper interdum', 'hac habitasse platea dictumst morbi vestibulum velit id pretium iaculis', '2023-02-11', 5, 4, 9),
(273, 'quis libero nullam', 'nisi eu orci mauris lacinia sapien quis libero nullam sit amet turpis', '2023-05-07', 8, 4, 11),
(274, 'quam fringilla rhoncus mauris', 'dapibus duis at velit eu est congue elementum in hac habitasse platea dictumst morbi vestibulum velit id pretium iaculis diam', '2023-04-09', 7, 1, 2),
(275, 'in lectus pellentesque', 'pede justo eu massa donec dapibus duis at velit eu est congue elementum', '2023-07-23', 3, 3, 10),
(276, 'nulla neque libero convallis eget', 'bibendum imperdiet nullam orci pede venenatis non sodales sed tincidunt eu felis fusce posuere felis sed lacus', '2023-02-21', 4, 2, 7),
(277, 'ac leo', 'nulla neque libero convallis eget eleifend luctus ultricies eu nibh quisque id', '2023-06-24', 5, 2, 3),
(278, 'suscipit ligula in lacus', 'tristique in tempus sit amet sem fusce consequat nulla nisl nunc', '2023-03-23', 8, 1, 1),
(279, 'a suscipit nulla elit', 'in blandit ultrices enim lorem ipsum dolor sit amet consectetuer', '2023-07-09', 7, 4, 4),
(280, 'posuere metus vitae ipsum', 'duis faucibus accumsan odio curabitur convallis duis consequat dui nec nisi volutpat eleifend donec ut dolor morbi vel lectus', '2023-06-15', 6, 2, 2),
(281, 'nam congue risus semper porta', 'posuere nonummy integer non velit donec diam neque vestibulum eget vulputate ut ultrices vel augue vestibulum ante', '2023-04-23', 1, 4, 6),
(282, 'nonummy integer non', 'vulputate elementum nullam varius nulla facilisi cras non velit nec nisi vulputate nonummy maecenas tincidunt', '2023-01-28', 5, 2, 10),
(283, 'consequat nulla', 'nulla pede ullamcorper augue a suscipit nulla elit ac nulla sed vel enim sit amet nunc', '2023-03-28', 8, 2, 2),
(284, 'posuere metus vitae ipsum aliquam', 'quis turpis sed ante vivamus tortor duis mattis egestas metus aenean fermentum donec ut', '2023-02-06', 2, 3, 3),
(285, 'mauris ullamcorper purus', 'eget vulputate ut ultrices vel augue vestibulum ante ipsum primis in faucibus orci luctus', '2023-01-08', 1, 4, 5),
(286, 'diam erat fermentum justo nec', 'platea dictumst morbi vestibulum velit id pretium iaculis diam erat fermentum justo', '2023-06-17', 8, 3, 6),
(287, 'elit proin', 'mauris enim leo rhoncus sed vestibulum sit amet cursus id turpis integer aliquet massa id lobortis convallis tortor risus', '2023-06-22', 8, 1, 6),
(288, 'nonummy integer', 'donec dapibus duis at velit eu est congue elementum in hac habitasse platea', '2023-05-12', 3, 2, 1),
(289, 'pede libero quis', 'interdum mauris non ligula pellentesque ultrices phasellus id sapien in sapien iaculis congue vivamus metus arcu adipiscing molestie hendrerit', '2023-05-28', 2, 1, 9),
(290, 'dictumst maecenas ut massa quis', 'nascetur ridiculus mus vivamus vestibulum sagittis sapien cum sociis natoque penatibus et', '2023-02-09', 1, 1, 11),
(291, 'volutpat in', 'quam pede lobortis ligula sit amet eleifend pede libero quis orci nullam molestie nibh in lectus pellentesque at nulla', '2023-01-14', 6, 4, 6),
(292, 'pellentesque at nulla', 'et commodo vulputate justo in blandit ultrices enim lorem ipsum dolor sit amet consectetuer', '2023-07-20', 8, 1, 4),
(293, 'mattis nibh ligula nec', 'lacinia nisi venenatis tristique fusce congue diam id ornare imperdiet sapien urna pretium nisl ut volutpat sapien', '2023-04-21', 2, 2, 2),
(294, 'rhoncus sed vestibulum', 'nonummy integer non velit donec diam neque vestibulum eget vulputate ut ultrices vel augue vestibulum ante', '2023-07-15', 5, 3, 7),
(295, 'accumsan tortor quis turpis sed', 'congue elementum in hac habitasse platea dictumst morbi vestibulum velit', '2023-03-03', 6, 1, 7),
(296, 'id luctus nec', 'lorem quisque ut erat curabitur gravida nisi at nibh in hac', '2023-06-03', 6, 2, 7),
(297, 'integer non', 'quisque ut erat curabitur gravida nisi at nibh in hac habitasse platea dictumst aliquam augue', '2023-02-24', 5, 2, 5),
(298, 'id consequat in consequat ut', 'nibh quisque id justo sit amet sapien dignissim vestibulum vestibulum ante ipsum primis in faucibus orci', '2023-03-22', 5, 2, 9),
(299, 'lobortis convallis tortor risus dapibus', 'felis sed interdum venenatis turpis enim blandit mi in porttitor pede justo eu massa donec', '2023-03-25', 3, 1, 5),
(300, 'augue a suscipit', 'convallis morbi odio odio elementum eu interdum eu tincidunt in', '2023-05-23', 8, 3, 5),
(301, 'quisque ut erat curabitur', 'integer non velit donec diam neque vestibulum eget vulputate ut ultrices', '2023-03-19', 3, 3, 2),
(302, 'ultrices posuere cubilia', 'sapien ut nunc vestibulum ante ipsum primis in faucibus orci luctus et ultrices', '2023-05-23', 1, 4, 4),
(303, 'ultrices vel augue', 'amet lobortis sapien sapien non mi integer ac neque duis bibendum morbi', '2023-04-04', 1, 2, 1),
(304, 'a libero nam dui proin', 'pharetra magna ac consequat metus sapien ut nunc vestibulum ante ipsum primis in faucibus orci', '2023-01-26', 3, 4, 2),
(305, 'eu est congue elementum', 'sodales sed tincidunt eu felis fusce posuere felis sed lacus morbi', '2023-05-31', 8, 2, 3),
(306, 'orci luctus et ultrices posuere', 'magna vulputate luctus cum sociis natoque penatibus et magnis dis parturient montes', '2023-06-28', 3, 4, 2),
(307, 'nunc nisl', 'libero rutrum ac lobortis vel dapibus at diam nam tristique tortor eu pede', '2023-03-31', 3, 2, 7),
(308, 'primis in faucibus', 'orci eget orci vehicula condimentum curabitur in libero ut massa volutpat convallis morbi odio odio elementum eu', '2023-05-20', 3, 4, 3),
(309, 'suscipit a feugiat et eros', 'ullamcorper purus sit amet nulla quisque arcu libero rutrum ac lobortis vel', '2023-01-27', 1, 3, 7),
(310, 'sed tristique in tempus', 'curae mauris viverra diam vitae quam suspendisse potenti nullam porttitor lacus at turpis donec posuere metus', '2023-02-22', 6, 2, 9),
(311, 'molestie hendrerit', 'aliquet maecenas leo odio condimentum id luctus nec molestie sed justo pellentesque', '2023-01-30', 2, 4, 1),
(312, 'bibendum felis sed', 'nunc vestibulum ante ipsum primis in faucibus orci luctus et ultrices posuere cubilia curae mauris viverra diam vitae', '2023-02-21', 8, 1, 6),
(313, 'nisl duis bibendum felis sed', 'mi in porttitor pede justo eu massa donec dapibus duis at velit eu est congue', '2023-01-30', 2, 3, 6),
(314, 'ligula sit amet eleifend', 'sed nisl nunc rhoncus dui vel sem sed sagittis nam', '2023-05-24', 7, 3, 9),
(315, 'ornare consequat lectus', 'turpis nec euismod scelerisque quam turpis adipiscing lorem vitae mattis nibh ligula', '2023-05-08', 1, 3, 9),
(316, 'diam cras', 'mi integer ac neque duis bibendum morbi non quam nec dui luctus rutrum nulla tellus in sagittis', '2023-04-25', 7, 1, 3),
(317, 'pede malesuada', 'iaculis congue vivamus metus arcu adipiscing molestie hendrerit at vulputate vitae nisl aenean lectus pellentesque eget nunc donec quis orci', '2023-04-24', 4, 4, 11),
(318, 'vulputate ut ultrices vel augue', 'dui nec nisi volutpat eleifend donec ut dolor morbi vel', '2023-01-12', 6, 2, 7),
(319, 'nulla quisque', 'vehicula consequat morbi a ipsum integer a nibh in quis justo maecenas rhoncus aliquam lacus morbi quis tortor id nulla', '2023-03-06', 5, 4, 5),
(320, 'vestibulum vestibulum ante ipsum', 'mauris sit amet eros suspendisse accumsan tortor quis turpis sed ante vivamus tortor duis mattis egestas', '2023-05-31', 6, 3, 3),
(321, 'luctus cum sociis natoque', 'in felis donec semper sapien a libero nam dui proin leo odio porttitor id consequat in consequat ut nulla sed', '2023-05-20', 4, 1, 7),
(322, 'varius ut', 'diam id ornare imperdiet sapien urna pretium nisl ut volutpat', '2023-04-27', 6, 1, 9),
(323, 'viverra pede ac', 'platea dictumst etiam faucibus cursus urna ut tellus nulla ut erat', '2023-02-17', 8, 4, 5),
(324, 'primis in faucibus orci', 'integer aliquet massa id lobortis convallis tortor risus dapibus augue vel accumsan tellus nisi eu orci', '2023-05-15', 8, 4, 9),
(325, 'sem mauris laoreet ut rhoncus', 'bibendum felis sed interdum venenatis turpis enim blandit mi in porttitor pede justo eu massa donec dapibus', '2023-06-22', 8, 2, 10),
(326, 'sagittis dui vel nisl', 'phasellus in felis donec semper sapien a libero nam dui proin leo odio porttitor id', '2023-02-05', 8, 2, 11),
(327, 'vestibulum quam sapien varius', 'dolor quis odio consequat varius integer ac leo pellentesque ultrices mattis odio donec vitae nisi nam', '2023-07-24', 5, 4, 2),
(328, 'mauris lacinia', 'neque vestibulum eget vulputate ut ultrices vel augue vestibulum ante ipsum primis in faucibus orci', '2023-02-25', 7, 1, 7),
(329, 'sapien dignissim', 'semper porta volutpat quam pede lobortis ligula sit amet eleifend pede libero quis orci nullam molestie nibh', '2023-05-13', 8, 2, 1),
(330, 'mauris sit amet', 'quis odio consequat varius integer ac leo pellentesque ultrices mattis odio donec vitae', '2023-01-05', 3, 2, 1),
(331, 'id mauris vulputate elementum', 'curae duis faucibus accumsan odio curabitur convallis duis consequat dui', '2023-07-21', 4, 3, 4),
(332, 'sit amet', 'morbi sem mauris laoreet ut rhoncus aliquet pulvinar sed nisl nunc rhoncus dui vel sem sed sagittis nam', '2023-04-24', 2, 2, 7),
(333, 'pretium iaculis diam erat fermentum', 'vestibulum aliquet ultrices erat tortor sollicitudin mi sit amet lobortis sapien sapien non mi integer ac neque duis', '2023-01-19', 1, 2, 5),
(334, 'justo eu massa donec dapibus', 'orci mauris lacinia sapien quis libero nullam sit amet turpis elementum', '2023-05-24', 1, 3, 9),
(335, 'ullamcorper purus sit amet', 'interdum mauris non ligula pellentesque ultrices phasellus id sapien in sapien iaculis congue vivamus metus arcu', '2023-03-13', 1, 4, 2),
(336, 'nec nisi', 'libero ut massa volutpat convallis morbi odio odio elementum eu interdum eu tincidunt in leo maecenas pulvinar lobortis est phasellus', '2023-05-22', 1, 3, 3),
(337, 'arcu libero', 'felis donec semper sapien a libero nam dui proin leo odio porttitor', '2023-07-24', 5, 1, 9),
(338, 'ut dolor', 'mus etiam vel augue vestibulum rutrum rutrum neque aenean auctor gravida sem praesent id massa id nisl venenatis', '2023-03-06', 7, 2, 11),
(339, 'vehicula consequat morbi a', 'id turpis integer aliquet massa id lobortis convallis tortor risus dapibus augue vel', '2023-06-03', 2, 1, 11),
(340, 'vitae nisi nam ultrices libero', 'vestibulum rutrum rutrum neque aenean auctor gravida sem praesent id massa id', '2023-03-08', 6, 3, 6),
(341, 'sapien a', 'morbi a ipsum integer a nibh in quis justo maecenas rhoncus aliquam lacus morbi quis tortor id nulla ultrices', '2023-02-28', 6, 2, 10),
(342, 'lectus in est risus', 'curabitur convallis duis consequat dui nec nisi volutpat eleifend donec ut dolor morbi vel lectus', '2023-01-30', 5, 1, 11),
(343, 'curabitur gravida nisi', 'ultrices aliquet maecenas leo odio condimentum id luctus nec molestie sed', '2023-06-28', 8, 4, 1),
(344, 'et commodo vulputate', 'curabitur in libero ut massa volutpat convallis morbi odio odio elementum eu interdum eu tincidunt in leo', '2023-05-27', 8, 1, 10),
(345, 'urna pretium nisl', 'ac enim in tempor turpis nec euismod scelerisque quam turpis adipiscing lorem vitae mattis nibh ligula nec', '2023-03-19', 6, 4, 3),
(346, 'et ultrices posuere cubilia', 'non mattis pulvinar nulla pede ullamcorper augue a suscipit nulla elit ac nulla sed vel enim sit amet', '2023-04-13', 2, 1, 4),
(347, 'ipsum dolor', 'in felis donec semper sapien a libero nam dui proin leo odio porttitor id consequat in consequat ut nulla sed', '2023-04-10', 1, 3, 11),
(348, 'in lectus', 'velit eu est congue elementum in hac habitasse platea dictumst morbi vestibulum velit id pretium iaculis diam erat fermentum justo', '2023-03-17', 5, 2, 6),
(349, 'dolor sit amet consectetuer adipiscing', 'lobortis sapien sapien non mi integer ac neque duis bibendum morbi non quam', '2023-03-18', 8, 1, 5),
(350, 'ac leo', 'eu nibh quisque id justo sit amet sapien dignissim vestibulum vestibulum ante ipsum primis in', '2023-05-26', 4, 3, 4),
(351, 'faucibus orci luctus et ultrices', 'rutrum neque aenean auctor gravida sem praesent id massa id nisl venenatis lacinia aenean sit amet justo morbi ut odio', '2023-04-01', 4, 4, 5),
(352, 'ac consequat metus', 'morbi porttitor lorem id ligula suspendisse ornare consequat lectus in', '2023-04-22', 6, 1, 7),
(353, 'in hac', 'primis in faucibus orci luctus et ultrices posuere cubilia curae mauris', '2023-07-02', 1, 2, 7),
(354, 'mollis molestie lorem quisque', 'augue vel accumsan tellus nisi eu orci mauris lacinia sapien quis libero nullam sit amet', '2023-03-04', 7, 4, 8),
(355, 'elementum ligula', 'cras pellentesque volutpat dui maecenas tristique est et tempus semper est quam pharetra magna', '2023-06-30', 6, 2, 4),
(356, 'odio odio', 'tempus semper est quam pharetra magna ac consequat metus sapien ut nunc vestibulum ante', '2023-05-01', 4, 2, 7),
(357, 'quam pharetra magna', 'accumsan tellus nisi eu orci mauris lacinia sapien quis libero nullam sit amet turpis elementum ligula vehicula consequat', '2023-07-14', 8, 2, 7),
(358, 'dictumst maecenas ut', 'in lacus curabitur at ipsum ac tellus semper interdum mauris ullamcorper purus sit amet nulla quisque', '2023-05-17', 5, 4, 10),
(359, 'amet eleifend pede libero', 'ante ipsum primis in faucibus orci luctus et ultrices posuere cubilia', '2023-03-04', 4, 1, 4),
(360, 'in tempus', 'rutrum nulla nunc purus phasellus in felis donec semper sapien a', '2023-07-05', 2, 1, 2),
(361, 'libero non mattis pulvinar', 'gravida nisi at nibh in hac habitasse platea dictumst aliquam augue quam sollicitudin vitae consectetuer eget rutrum', '2023-05-10', 1, 4, 2),
(362, 'orci mauris', 'pede lobortis ligula sit amet eleifend pede libero quis orci nullam molestie nibh in lectus', '2023-07-18', 4, 2, 10),
(363, 'vehicula condimentum curabitur in', 'sit amet consectetuer adipiscing elit proin interdum mauris non ligula pellentesque ultrices phasellus id sapien in', '2023-02-25', 4, 3, 4),
(364, 'tincidunt eu felis fusce posuere', 'turpis sed ante vivamus tortor duis mattis egestas metus aenean fermentum donec ut mauris eget massa tempor convallis nulla neque', '2023-05-31', 8, 2, 11),
(365, 'ac tellus semper interdum mauris', 'proin risus praesent lectus vestibulum quam sapien varius ut blandit non interdum', '2023-05-31', 5, 1, 5),
(366, 'odio cras', 'proin eu mi nulla ac enim in tempor turpis nec euismod scelerisque quam turpis adipiscing lorem', '2023-02-07', 8, 3, 3),
(367, 'dui proin leo odio porttitor', 'pulvinar nulla pede ullamcorper augue a suscipit nulla elit ac nulla sed vel enim sit', '2023-07-22', 7, 3, 1),
(368, 'rutrum neque aenean auctor gravida', 'etiam justo etiam pretium iaculis justo in hac habitasse platea dictumst etiam faucibus cursus', '2023-01-18', 4, 1, 8),
(369, 'commodo placerat', 'elementum ligula vehicula consequat morbi a ipsum integer a nibh in quis', '2023-01-21', 8, 2, 5),
(370, 'dui proin leo odio porttitor', 'in tempus sit amet sem fusce consequat nulla nisl nunc', '2023-06-12', 1, 2, 6),
(371, 'diam id', 'non sodales sed tincidunt eu felis fusce posuere felis sed lacus morbi', '2023-01-11', 7, 4, 4),
(372, 'orci mauris', 'in consequat ut nulla sed accumsan felis ut at dolor quis odio consequat varius', '2023-04-10', 7, 3, 10),
(373, 'eget congue eget semper rutrum', 'felis eu sapien cursus vestibulum proin eu mi nulla ac enim', '2023-01-12', 3, 2, 1),
(374, 'sociis natoque penatibus et magnis', 'semper rutrum nulla nunc purus phasellus in felis donec semper', '2023-02-15', 5, 4, 9),
(375, 'sit amet eros suspendisse accumsan', 'ipsum integer a nibh in quis justo maecenas rhoncus aliquam lacus morbi quis', '2023-06-05', 7, 2, 6),
(376, 'quis orci', 'quam sapien varius ut blandit non interdum in ante vestibulum ante ipsum', '2023-04-17', 4, 3, 10),
(377, 'pede morbi porttitor', 'vulputate ut ultrices vel augue vestibulum ante ipsum primis in faucibus orci luctus et ultrices posuere cubilia', '2023-01-28', 7, 3, 9),
(378, 'diam cras', 'accumsan odio curabitur convallis duis consequat dui nec nisi volutpat eleifend', '2023-01-10', 3, 2, 5),
(379, 'ante vestibulum ante ipsum primis', 'et ultrices posuere cubilia curae nulla dapibus dolor vel est donec odio', '2023-01-10', 8, 4, 4),
(380, 'eget nunc', 'odio justo sollicitudin ut suscipit a feugiat et eros vestibulum ac est lacinia nisi', '2023-05-18', 6, 3, 6),
(381, 'ultricies eu nibh quisque id', 'mus etiam vel augue vestibulum rutrum rutrum neque aenean auctor gravida sem praesent id massa', '2023-03-23', 7, 2, 11),
(382, 'ante ipsum', 'maecenas ut massa quis augue luctus tincidunt nulla mollis molestie lorem quisque ut erat curabitur gravida nisi at nibh in', '2023-04-19', 7, 4, 9),
(383, 'nisl duis ac nibh', 'est risus auctor sed tristique in tempus sit amet sem fusce consequat nulla nisl nunc nisl duis', '2023-05-02', 7, 2, 3),
(384, 'aenean sit', 'porttitor lacus at turpis donec posuere metus vitae ipsum aliquam non mauris morbi non lectus aliquam sit amet diam in', '2023-07-31', 4, 4, 9),
(385, 'rhoncus mauris enim leo', 'eros suspendisse accumsan tortor quis turpis sed ante vivamus tortor duis', '2023-04-27', 8, 1, 9),
(386, 'dui nec nisi volutpat eleifend', 'sagittis dui vel nisl duis ac nibh fusce lacus purus', '2023-02-28', 7, 4, 2),
(387, 'sem praesent', 'semper sapien a libero nam dui proin leo odio porttitor', '2023-03-25', 2, 4, 7),
(388, 'mus etiam vel augue vestibulum', 'sagittis dui vel nisl duis ac nibh fusce lacus purus', '2023-02-21', 1, 1, 9),
(389, 'pellentesque at nulla suspendisse', 'cubilia curae donec pharetra magna vestibulum aliquet ultrices erat tortor sollicitudin mi sit amet lobortis sapien sapien', '2023-03-21', 1, 4, 3),
(390, 'blandit nam nulla', 'lacinia erat vestibulum sed magna at nunc commodo placerat praesent blandit nam nulla integer pede justo lacinia eget tincidunt eget', '2023-01-14', 3, 4, 3),
(391, 'odio odio elementum eu', 'amet sapien dignissim vestibulum vestibulum ante ipsum primis in faucibus', '2023-04-23', 5, 2, 5),
(392, 'orci luctus et ultrices posuere', 'accumsan felis ut at dolor quis odio consequat varius integer ac leo', '2023-07-18', 3, 4, 11),
(393, 'at dolor quis', 'nulla suscipit ligula in lacus curabitur at ipsum ac tellus semper interdum mauris ullamcorper purus sit amet nulla', '2023-02-09', 5, 3, 5),
(394, 'velit eu est', 'dui maecenas tristique est et tempus semper est quam pharetra magna ac consequat metus sapien ut nunc vestibulum', '2023-04-18', 2, 3, 5),
(395, 'tristique est et tempus', 'interdum mauris ullamcorper purus sit amet nulla quisque arcu libero rutrum ac lobortis vel dapibus', '2023-08-01', 6, 1, 1),
(396, 'nec molestie sed', 'lacus at turpis donec posuere metus vitae ipsum aliquam non mauris morbi non lectus aliquam sit amet', '2023-04-17', 7, 4, 5),
(397, 'ut suscipit', 'quam pede lobortis ligula sit amet eleifend pede libero quis orci nullam molestie nibh in lectus', '2023-06-07', 7, 1, 9),
(398, 'ultrices vel augue vestibulum ante', 'non interdum in ante vestibulum ante ipsum primis in faucibus orci luctus et ultrices posuere cubilia curae', '2023-03-01', 8, 3, 11),
(399, 'cras mi pede malesuada in', 'diam cras pellentesque volutpat dui maecenas tristique est et tempus semper est', '2023-06-18', 7, 3, 4),
(400, 'molestie sed justo pellentesque viverra', 'habitasse platea dictumst maecenas ut massa quis augue luctus tincidunt nulla mollis molestie', '2023-03-25', 8, 2, 5),
(401, 'id ornare imperdiet sapien urna', 'interdum eu tincidunt in leo maecenas pulvinar lobortis est phasellus sit amet erat', '2023-03-14', 4, 3, 1),
(402, 'consequat morbi a', 'vestibulum ante ipsum primis in faucibus orci luctus et ultrices posuere cubilia', '2023-04-26', 1, 3, 8),
(403, 'sit amet cursus id', 'erat tortor sollicitudin mi sit amet lobortis sapien sapien non mi integer', '2023-03-21', 8, 1, 4),
(404, 'nec nisi', 'molestie nibh in lectus pellentesque at nulla suspendisse potenti cras in purus eu magna vulputate luctus', '2023-02-24', 7, 4, 8),
(405, 'ac nibh fusce lacus purus', 'et ultrices posuere cubilia curae donec pharetra magna vestibulum aliquet ultrices erat tortor sollicitudin mi sit', '2023-04-04', 6, 1, 11),
(406, 'eleifend luctus ultricies eu nibh', 'donec diam neque vestibulum eget vulputate ut ultrices vel augue vestibulum ante ipsum', '2023-02-10', 6, 3, 10),
(407, 'semper interdum mauris', 'lorem integer tincidunt ante vel ipsum praesent blandit lacinia erat vestibulum sed magna at nunc commodo', '2023-02-21', 8, 4, 2),
(408, 'duis mattis egestas metus', 'fusce congue diam id ornare imperdiet sapien urna pretium nisl ut volutpat sapien arcu sed augue aliquam erat volutpat', '2023-03-14', 3, 2, 4),
(409, 'nunc purus phasellus in', 'diam in magna bibendum imperdiet nullam orci pede venenatis non', '2023-04-20', 2, 2, 5),
(410, 'maecenas pulvinar lobortis', 'pretium iaculis diam erat fermentum justo nec condimentum neque sapien placerat ante nulla justo aliquam quis turpis eget elit', '2023-06-13', 4, 1, 7),
(411, 'nec nisi', 'sed justo pellentesque viverra pede ac diam cras pellentesque volutpat', '2023-03-27', 5, 4, 4),
(412, 'sit amet nulla quisque arcu', 'erat fermentum justo nec condimentum neque sapien placerat ante nulla justo aliquam', '2023-03-02', 4, 4, 8),
(413, 'ut suscipit a feugiat et', 'erat quisque erat eros viverra eget congue eget semper rutrum nulla nunc purus phasellus in felis donec', '2023-03-11', 5, 2, 2),
(414, 'ipsum primis', 'posuere cubilia curae duis faucibus accumsan odio curabitur convallis duis consequat dui nec nisi volutpat eleifend donec', '2023-04-06', 4, 1, 3),
(415, 'tempus vivamus', 'non sodales sed tincidunt eu felis fusce posuere felis sed lacus morbi sem mauris laoreet ut rhoncus aliquet pulvinar', '2023-03-14', 1, 2, 7),
(416, 'condimentum curabitur in libero ut', 'donec vitae nisi nam ultrices libero non mattis pulvinar nulla pede ullamcorper augue a suscipit nulla elit ac nulla', '2023-01-26', 6, 1, 4),
(417, 'in purus', 'ut at dolor quis odio consequat varius integer ac leo pellentesque ultrices mattis odio', '2023-02-21', 8, 2, 1),
(418, 'aliquam lacus morbi', 'arcu adipiscing molestie hendrerit at vulputate vitae nisl aenean lectus pellentesque eget nunc donec quis orci eget orci', '2023-06-26', 3, 3, 4),
(419, 'a suscipit nulla', 'proin interdum mauris non ligula pellentesque ultrices phasellus id sapien in sapien iaculis', '2023-04-23', 1, 1, 8),
(420, 'a odio in hac', 'in libero ut massa volutpat convallis morbi odio odio elementum eu interdum eu tincidunt', '2023-05-30', 5, 2, 2),
(421, 'venenatis turpis enim blandit mi', 'quis justo maecenas rhoncus aliquam lacus morbi quis tortor id nulla ultrices', '2023-03-17', 2, 1, 7),
(422, 'pulvinar sed', 'cubilia curae mauris viverra diam vitae quam suspendisse potenti nullam porttitor lacus', '2023-07-18', 1, 1, 11),
(423, 'nulla nunc purus phasellus', 'vel augue vestibulum rutrum rutrum neque aenean auctor gravida sem praesent id massa id nisl venenatis', '2023-02-21', 6, 1, 10),
(424, 'elit proin interdum', 'felis sed lacus morbi sem mauris laoreet ut rhoncus aliquet pulvinar sed nisl nunc rhoncus dui vel', '2023-04-16', 5, 1, 7),
(425, 'dolor sit amet consectetuer adipiscing', 'eros elementum pellentesque quisque porta volutpat erat quisque erat eros viverra eget congue', '2023-01-31', 7, 1, 11),
(426, 'amet turpis', 'duis bibendum morbi non quam nec dui luctus rutrum nulla tellus in sagittis', '2023-03-25', 3, 2, 9),
(427, 'vivamus vestibulum sagittis sapien cum', 'ut nulla sed accumsan felis ut at dolor quis odio consequat varius integer ac leo pellentesque ultrices mattis odio donec', '2023-03-03', 5, 2, 4),
(428, 'laoreet ut rhoncus', 'lobortis convallis tortor risus dapibus augue vel accumsan tellus nisi eu orci mauris lacinia sapien', '2023-03-24', 1, 3, 8),
(429, 'in hac habitasse platea dictumst', 'congue diam id ornare imperdiet sapien urna pretium nisl ut volutpat sapien arcu sed augue', '2023-03-24', 1, 4, 5),
(430, 'ut massa quis augue', 'mi nulla ac enim in tempor turpis nec euismod scelerisque quam turpis adipiscing lorem', '2023-07-16', 6, 2, 8),
(431, 'nec euismod scelerisque quam', 'magna bibendum imperdiet nullam orci pede venenatis non sodales sed tincidunt', '2023-03-26', 4, 4, 3),
(432, 'aenean lectus pellentesque', 'libero nullam sit amet turpis elementum ligula vehicula consequat morbi a ipsum integer a', '2023-07-22', 3, 1, 11),
(433, 'lectus in', 'morbi a ipsum integer a nibh in quis justo maecenas rhoncus aliquam lacus morbi quis', '2023-03-12', 3, 3, 8),
(434, 'pede morbi porttitor lorem id', 'non velit donec diam neque vestibulum eget vulputate ut ultrices vel augue vestibulum ante ipsum primis in faucibus orci', '2023-04-18', 8, 3, 9),
(435, 'luctus ultricies eu nibh', 'ipsum primis in faucibus orci luctus et ultrices posuere cubilia curae duis faucibus', '2023-06-19', 1, 3, 5),
(436, 'elementum ligula vehicula consequat', 'faucibus orci luctus et ultrices posuere cubilia curae donec pharetra magna', '2023-01-03', 6, 1, 5),
(437, 'mauris laoreet', 'sodales scelerisque mauris sit amet eros suspendisse accumsan tortor quis', '2023-02-14', 5, 4, 8),
(438, 'proin leo odio porttitor id', 'massa donec dapibus duis at velit eu est congue elementum in hac habitasse platea dictumst', '2023-04-24', 2, 4, 8),
(439, 'et commodo vulputate', 'est et tempus semper est quam pharetra magna ac consequat metus sapien ut nunc vestibulum ante', '2023-03-14', 1, 1, 8),
(440, 'placerat praesent blandit nam nulla', 'sociis natoque penatibus et magnis dis parturient montes nascetur ridiculus mus vivamus vestibulum sagittis sapien cum', '2023-06-10', 6, 2, 2),
(441, 'curabitur gravida nisi at', 'neque duis bibendum morbi non quam nec dui luctus rutrum nulla tellus in sagittis dui vel nisl duis', '2023-07-01', 5, 2, 8),
(442, 'lectus pellentesque', 'ac est lacinia nisi venenatis tristique fusce congue diam id ornare', '2023-07-31', 6, 2, 8),
(443, 'sollicitudin mi', 'risus dapibus augue vel accumsan tellus nisi eu orci mauris lacinia sapien quis libero nullam sit', '2023-06-03', 7, 2, 8),
(444, 'tempus sit amet sem', 'ipsum integer a nibh in quis justo maecenas rhoncus aliquam lacus morbi quis tortor id nulla ultrices aliquet maecenas leo', '2023-05-27', 3, 3, 1),
(445, 'tincidunt lacus', 'pede lobortis ligula sit amet eleifend pede libero quis orci nullam molestie nibh', '2023-06-08', 8, 3, 8),
(446, 'natoque penatibus et', 'amet eleifend pede libero quis orci nullam molestie nibh in lectus pellentesque at', '2023-07-03', 1, 2, 1),
(447, 'nec nisi', 'lobortis sapien sapien non mi integer ac neque duis bibendum', '2023-06-08', 8, 2, 4),
(448, 'fusce congue diam', 'luctus et ultrices posuere cubilia curae duis faucibus accumsan odio curabitur convallis duis consequat', '2023-03-07', 7, 4, 4),
(449, 'suscipit nulla elit ac', 'nisl ut volutpat sapien arcu sed augue aliquam erat volutpat in congue etiam justo etiam pretium iaculis justo in', '2023-02-23', 4, 4, 7),
(450, 'ut rhoncus aliquet', 'nulla ac enim in tempor turpis nec euismod scelerisque quam turpis adipiscing lorem vitae mattis nibh ligula nec', '2023-05-13', 5, 4, 1),
(451, 'id consequat in consequat', 'nec nisi volutpat eleifend donec ut dolor morbi vel lectus in quam fringilla rhoncus mauris enim', '2023-05-18', 7, 1, 7),
(452, 'lobortis convallis', 'ultrices posuere cubilia curae donec pharetra magna vestibulum aliquet ultrices erat tortor sollicitudin mi sit', '2023-01-06', 2, 3, 3),
(453, 'sollicitudin ut suscipit a feugiat', 'nulla nunc purus phasellus in felis donec semper sapien a libero nam dui', '2023-03-29', 6, 1, 10),
(454, 'sapien cursus vestibulum proin', 'vitae ipsum aliquam non mauris morbi non lectus aliquam sit amet diam in magna bibendum imperdiet', '2023-02-08', 8, 1, 5),
(455, 'fusce lacus purus', 'maecenas tincidunt lacus at velit vivamus vel nulla eget eros elementum pellentesque', '2023-04-02', 4, 1, 1),
(456, 'velit eu est congue', 'proin risus praesent lectus vestibulum quam sapien varius ut blandit non', '2023-02-15', 5, 2, 8),
(457, 'amet diam in', 'consectetuer eget rutrum at lorem integer tincidunt ante vel ipsum praesent', '2023-01-31', 6, 4, 6),
(458, 'consequat lectus', 'potenti in eleifend quam a odio in hac habitasse platea dictumst maecenas ut', '2023-01-31', 5, 3, 3),
(459, 'nulla justo aliquam quis', 'venenatis tristique fusce congue diam id ornare imperdiet sapien urna pretium nisl ut volutpat sapien arcu', '2023-07-29', 4, 4, 11),
(460, 'magnis dis parturient montes nascetur', 'sapien iaculis congue vivamus metus arcu adipiscing molestie hendrerit at vulputate vitae nisl aenean lectus pellentesque eget nunc donec', '2023-07-09', 2, 1, 7),
(461, 'dis parturient montes', 'maecenas rhoncus aliquam lacus morbi quis tortor id nulla ultrices', '2023-02-26', 2, 2, 7),
(462, 'morbi sem', 'orci eget orci vehicula condimentum curabitur in libero ut massa volutpat convallis', '2023-03-09', 3, 1, 9),
(463, 'rhoncus mauris enim', 'vestibulum sed magna at nunc commodo placerat praesent blandit nam nulla integer pede justo lacinia eget', '2023-04-12', 7, 1, 1),
(464, 'at feugiat non', 'montes nascetur ridiculus mus etiam vel augue vestibulum rutrum rutrum neque aenean auctor gravida sem praesent id massa', '2023-03-02', 3, 1, 10),
(465, 'vulputate nonummy maecenas tincidunt lacus', 'ipsum ac tellus semper interdum mauris ullamcorper purus sit amet nulla quisque arcu libero rutrum', '2023-07-31', 2, 4, 10),
(466, 'nonummy maecenas tincidunt lacus at', 'ligula nec sem duis aliquam convallis nunc proin at turpis a', '2023-02-09', 6, 1, 4),
(467, 'non lectus aliquam sit', 'volutpat sapien arcu sed augue aliquam erat volutpat in congue etiam justo etiam pretium iaculis justo in hac habitasse', '2023-06-05', 2, 3, 10),
(468, 'integer pede', 'ut massa quis augue luctus tincidunt nulla mollis molestie lorem quisque ut erat curabitur gravida nisi', '2023-06-04', 4, 1, 1),
(469, 'lacus at velit vivamus', 'consequat lectus in est risus auctor sed tristique in tempus sit amet sem fusce consequat nulla', '2023-03-18', 2, 3, 1),
(470, 'tristique tortor eu pede', 'rutrum rutrum neque aenean auctor gravida sem praesent id massa id nisl', '2023-04-26', 1, 2, 8),
(471, 'accumsan tellus nisi eu', 'volutpat dui maecenas tristique est et tempus semper est quam pharetra magna ac', '2023-05-25', 5, 3, 10),
(472, 'nec molestie', 'mi in porttitor pede justo eu massa donec dapibus duis', '2023-04-06', 3, 1, 9),
(473, 'tempor turpis nec euismod', 'nulla dapibus dolor vel est donec odio justo sollicitudin ut suscipit a feugiat et eros vestibulum ac est lacinia', '2023-05-16', 7, 1, 9),
(474, 'vestibulum ante ipsum primis in', 'bibendum morbi non quam nec dui luctus rutrum nulla tellus in sagittis dui vel nisl duis', '2023-01-21', 1, 3, 8),
(475, 'suscipit a', 'leo odio porttitor id consequat in consequat ut nulla sed accumsan felis ut at dolor quis', '2023-01-24', 8, 2, 5),
(476, 'metus arcu adipiscing molestie', 'sed augue aliquam erat volutpat in congue etiam justo etiam pretium iaculis justo in hac', '2023-04-29', 1, 1, 9),
(477, 'neque vestibulum', 'ultrices libero non mattis pulvinar nulla pede ullamcorper augue a suscipit nulla elit', '2023-06-30', 2, 2, 1),
(478, 'gravida sem praesent', 'hac habitasse platea dictumst aliquam augue quam sollicitudin vitae consectetuer eget rutrum at lorem integer tincidunt ante', '2023-01-21', 3, 2, 8),
(479, 'nullam molestie', 'id luctus nec molestie sed justo pellentesque viverra pede ac diam cras pellentesque volutpat', '2023-01-29', 3, 3, 2),
(480, 'volutpat eleifend donec ut', 'venenatis turpis enim blandit mi in porttitor pede justo eu massa donec dapibus duis', '2023-03-01', 5, 1, 5),
(481, 'consequat ut', 'pretium nisl ut volutpat sapien arcu sed augue aliquam erat volutpat in congue etiam justo', '2023-06-19', 6, 3, 5),
(482, 'ornare consequat', 'vel enim sit amet nunc viverra dapibus nulla suscipit ligula in lacus curabitur', '2023-05-11', 5, 2, 1),
(483, 'libero non mattis', 'vel nisl duis ac nibh fusce lacus purus aliquet at feugiat non pretium quis lectus suspendisse potenti in eleifend quam', '2023-02-24', 8, 2, 6),
(484, 'purus aliquet at feugiat', 'metus arcu adipiscing molestie hendrerit at vulputate vitae nisl aenean lectus pellentesque eget nunc donec quis', '2023-06-25', 3, 1, 7),
(485, 'tristique est et', 'id nisl venenatis lacinia aenean sit amet justo morbi ut odio cras mi', '2023-05-31', 6, 4, 1),
(486, 'metus aenean', 'fringilla rhoncus mauris enim leo rhoncus sed vestibulum sit amet cursus id turpis integer aliquet', '2023-04-14', 8, 4, 10),
(487, 'rhoncus aliquet pulvinar sed', 'sed lacus morbi sem mauris laoreet ut rhoncus aliquet pulvinar sed nisl nunc rhoncus', '2023-03-31', 6, 4, 6),
(488, 'vestibulum ac est', 'sit amet turpis elementum ligula vehicula consequat morbi a ipsum integer a nibh in quis justo', '2023-07-12', 3, 3, 1),
(489, 'pede ac diam cras', 'nullam porttitor lacus at turpis donec posuere metus vitae ipsum aliquam non mauris morbi non lectus aliquam sit amet', '2023-02-24', 8, 2, 1),
(490, 'curabitur gravida', 'in imperdiet et commodo vulputate justo in blandit ultrices enim lorem ipsum dolor sit amet consectetuer adipiscing', '2023-03-08', 3, 1, 11),
(491, 'duis faucibus accumsan', 'nisi at nibh in hac habitasse platea dictumst aliquam augue quam sollicitudin vitae consectetuer eget rutrum at lorem integer tincidunt', '2023-04-15', 2, 1, 1),
(492, 'sapien iaculis congue vivamus metus', 'sed accumsan felis ut at dolor quis odio consequat varius integer ac leo pellentesque ultrices mattis odio donec', '2023-03-20', 5, 3, 7),
(493, 'augue luctus tincidunt nulla', 'ornare consequat lectus in est risus auctor sed tristique in', '2023-02-14', 2, 3, 5),
(494, 'pellentesque eget nunc', 'dolor sit amet consectetuer adipiscing elit proin interdum mauris non ligula pellentesque ultrices phasellus id sapien in', '2023-04-21', 8, 4, 9),
(495, 'in sagittis dui vel nisl', 'suspendisse ornare consequat lectus in est risus auctor sed tristique in tempus sit amet sem fusce consequat nulla', '2023-02-05', 5, 2, 11),
(496, 'mauris morbi non lectus aliquam', 'at turpis donec posuere metus vitae ipsum aliquam non mauris morbi non lectus aliquam sit', '2023-05-06', 6, 3, 1),
(497, 'natoque penatibus et magnis', 'dis parturient montes nascetur ridiculus mus etiam vel augue vestibulum rutrum rutrum neque', '2023-07-06', 1, 4, 11),
(498, 'ante vel', 'tristique fusce congue diam id ornare imperdiet sapien urna pretium nisl ut volutpat sapien', '2023-02-06', 8, 1, 10),
(499, 'nibh fusce', 'tincidunt ante vel ipsum praesent blandit lacinia erat vestibulum sed magna at nunc', '2023-07-10', 6, 4, 1),
(500, 'eros vestibulum ac est lacinia', 'ipsum primis in faucibus orci luctus et ultrices posuere cubilia curae duis faucibus', '2023-02-22', 1, 3, 7),
(501, 'morbi sem mauris laoreet', 'platea dictumst aliquam augue quam sollicitudin vitae consectetuer eget rutrum', '2023-02-22', 5, 2, 10),
(502, 'volutpat quam pede lobortis ligula', 'in blandit ultrices enim lorem ipsum dolor sit amet consectetuer adipiscing elit proin interdum mauris non ligula pellentesque ultrices', '2023-02-24', 6, 4, 9),
(503, 'ac lobortis', 'ipsum integer a nibh in quis justo maecenas rhoncus aliquam lacus morbi quis tortor', '2023-02-13', 2, 3, 1),
(504, 'non ligula pellentesque', 'justo sit amet sapien dignissim vestibulum vestibulum ante ipsum primis in faucibus orci luctus et ultrices', '2023-07-31', 2, 4, 5),
(505, 'condimentum curabitur in', 'lectus in quam fringilla rhoncus mauris enim leo rhoncus sed vestibulum sit amet cursus id turpis integer aliquet massa id', '2023-01-29', 8, 3, 1),
(506, 'enim in', 'eros vestibulum ac est lacinia nisi venenatis tristique fusce congue diam id ornare imperdiet', '2023-06-12', 3, 1, 3),
(507, 'integer pede justo', 'blandit nam nulla integer pede justo lacinia eget tincidunt eget tempus vel pede morbi', '2023-05-08', 5, 1, 1),
(508, 'elementum pellentesque', 'aenean sit amet justo morbi ut odio cras mi pede malesuada in imperdiet et', '2023-03-02', 2, 1, 3),
(509, 'orci nullam molestie nibh', 'venenatis non sodales sed tincidunt eu felis fusce posuere felis sed lacus morbi sem mauris laoreet ut', '2023-05-05', 1, 4, 7),
(510, 'non interdum in', 'nisi vulputate nonummy maecenas tincidunt lacus at velit vivamus vel nulla eget eros elementum pellentesque quisque porta volutpat erat', '2023-06-25', 3, 4, 9),
(511, 'elit proin risus praesent lectus', 'vestibulum ante ipsum primis in faucibus orci luctus et ultrices posuere cubilia curae mauris viverra', '2023-01-19', 8, 1, 10),
(512, 'at lorem integer', 'ligula in lacus curabitur at ipsum ac tellus semper interdum mauris ullamcorper', '2023-02-07', 8, 4, 8),
(513, 'sit amet nunc viverra dapibus', 'non mauris morbi non lectus aliquam sit amet diam in magna bibendum imperdiet nullam orci pede venenatis non sodales', '2023-05-01', 4, 1, 4),
(514, 'habitasse platea', 'sit amet erat nulla tempus vivamus in felis eu sapien cursus vestibulum proin eu', '2023-04-23', 6, 3, 6),
(515, 'in hac habitasse', 'vitae quam suspendisse potenti nullam porttitor lacus at turpis donec posuere metus', '2023-05-06', 4, 3, 11),
(516, 'lacinia eget', 'nam ultrices libero non mattis pulvinar nulla pede ullamcorper augue a suscipit nulla elit', '2023-04-24', 1, 3, 9),
(517, 'dignissim vestibulum vestibulum ante', 'sit amet justo morbi ut odio cras mi pede malesuada in imperdiet et commodo vulputate justo in blandit ultrices enim', '2023-05-04', 6, 2, 10),
(518, 'vivamus vestibulum sagittis sapien', 'tempus sit amet sem fusce consequat nulla nisl nunc nisl duis bibendum felis sed interdum venenatis turpis enim', '2023-02-23', 6, 1, 8),
(519, 'tempor turpis', 'diam vitae quam suspendisse potenti nullam porttitor lacus at turpis donec', '2023-03-29', 6, 1, 2),
(520, 'in leo maecenas', 'vestibulum rutrum rutrum neque aenean auctor gravida sem praesent id massa id nisl', '2023-06-14', 7, 3, 8),
(521, 'ornare imperdiet sapien urna pretium', 'mattis egestas metus aenean fermentum donec ut mauris eget massa', '2023-05-30', 7, 1, 8),
(522, 'odio odio elementum eu interdum', 'neque sapien placerat ante nulla justo aliquam quis turpis eget elit sodales scelerisque', '2023-01-01', 8, 2, 5),
(523, 'natoque penatibus et magnis dis', 'lobortis convallis tortor risus dapibus augue vel accumsan tellus nisi eu', '2023-02-25', 7, 1, 5),
(524, 'aliquam augue quam sollicitudin vitae', 'semper rutrum nulla nunc purus phasellus in felis donec semper sapien a', '2023-07-04', 4, 1, 7),
(525, 'sodales sed tincidunt', 'luctus et ultrices posuere cubilia curae duis faucibus accumsan odio curabitur convallis duis consequat dui nec', '2023-06-10', 3, 2, 3),
(526, 'dictumst etiam faucibus cursus urna', 'nulla nunc purus phasellus in felis donec semper sapien a libero nam dui proin leo odio porttitor', '2023-08-01', 6, 1, 4),
(527, 'adipiscing elit proin interdum', 'orci luctus et ultrices posuere cubilia curae duis faucibus accumsan odio curabitur convallis duis consequat dui', '2023-03-30', 1, 2, 11),
(528, 'semper porta', 'massa id nisl venenatis lacinia aenean sit amet justo morbi ut odio cras', '2023-03-21', 5, 1, 11),
(529, 'faucibus orci luctus et', 'placerat praesent blandit nam nulla integer pede justo lacinia eget tincidunt eget tempus vel pede morbi porttitor lorem id', '2023-01-08', 3, 3, 9),
(530, 'ornare consequat lectus in', 'suspendisse potenti in eleifend quam a odio in hac habitasse platea', '2023-07-20', 8, 4, 9),
(531, 'praesent blandit lacinia erat vestibulum', 'nibh quisque id justo sit amet sapien dignissim vestibulum vestibulum', '2023-02-11', 8, 1, 11),
(532, 'maecenas leo odio condimentum id', 'non quam nec dui luctus rutrum nulla tellus in sagittis dui vel nisl duis ac nibh fusce lacus purus', '2023-01-27', 5, 3, 10),
(533, 'porttitor lorem id ligula', 'diam neque vestibulum eget vulputate ut ultrices vel augue vestibulum ante ipsum primis in faucibus', '2023-01-19', 3, 2, 8),
(534, 'aliquet at feugiat non pretium', 'duis ac nibh fusce lacus purus aliquet at feugiat non pretium quis lectus suspendisse', '2023-03-16', 6, 4, 7),
(535, 'ac nibh fusce lacus', 'pede ullamcorper augue a suscipit nulla elit ac nulla sed vel enim sit amet nunc viverra dapibus nulla suscipit', '2023-03-06', 5, 2, 1),
(536, 'nullam sit amet turpis', 'pede libero quis orci nullam molestie nibh in lectus pellentesque at nulla suspendisse potenti cras in', '2023-01-01', 7, 2, 10),
(537, 'ipsum dolor sit amet consectetuer', 'fusce congue diam id ornare imperdiet sapien urna pretium nisl', '2023-01-01', 8, 1, 7),
(538, 'sem praesent id massa id', 'sit amet consectetuer adipiscing elit proin interdum mauris non ligula pellentesque ultrices phasellus id sapien', '2023-04-02', 1, 3, 6),
(539, 'consequat varius integer ac', 'sapien ut nunc vestibulum ante ipsum primis in faucibus orci luctus et ultrices', '2023-01-08', 7, 3, 5),
(540, 'orci vehicula condimentum curabitur', 'vulputate ut ultrices vel augue vestibulum ante ipsum primis in faucibus', '2023-01-03', 6, 3, 7),
(541, 'tempus sit amet sem', 'congue elementum in hac habitasse platea dictumst morbi vestibulum velit id pretium iaculis diam', '2023-07-27', 2, 2, 5),
(542, 'vel augue vestibulum ante', 'facilisi cras non velit nec nisi vulputate nonummy maecenas tincidunt lacus at velit vivamus vel nulla eget eros elementum pellentesque', '2023-01-01', 2, 2, 3),
(543, 'orci pede', 'eget eleifend luctus ultricies eu nibh quisque id justo sit amet', '2023-04-27', 2, 4, 1),
(544, 'amet eros', 'metus arcu adipiscing molestie hendrerit at vulputate vitae nisl aenean lectus pellentesque eget nunc donec', '2023-06-13', 6, 2, 5),
(545, 'vel nisl', 'duis consequat dui nec nisi volutpat eleifend donec ut dolor morbi vel lectus in', '2023-05-15', 7, 4, 3),
(546, 'et tempus semper est', 'aliquam lacus morbi quis tortor id nulla ultrices aliquet maecenas leo', '2023-07-21', 5, 2, 11),
(547, 'luctus cum sociis natoque', 'lectus vestibulum quam sapien varius ut blandit non interdum in ante vestibulum ante ipsum primis in faucibus orci luctus', '2023-03-05', 8, 4, 11),
(548, 'mattis egestas metus aenean fermentum', 'sed vel enim sit amet nunc viverra dapibus nulla suscipit ligula in lacus curabitur at ipsum', '2023-07-12', 1, 1, 3),
(549, 'felis donec semper sapien a', 'pede ullamcorper augue a suscipit nulla elit ac nulla sed vel enim sit amet nunc', '2023-03-17', 4, 2, 9),
(550, 'ultrices libero non', 'amet sem fusce consequat nulla nisl nunc nisl duis bibendum felis sed interdum venenatis turpis enim blandit mi in porttitor', '2023-04-07', 4, 2, 5),
(551, 'lorem quisque ut erat curabitur', 'ante vivamus tortor duis mattis egestas metus aenean fermentum donec ut mauris eget massa tempor convallis nulla', '2023-05-07', 4, 3, 3),
(552, 'vitae quam', 'faucibus orci luctus et ultrices posuere cubilia curae mauris viverra diam', '2023-07-12', 6, 1, 5),
(553, 'tellus in', 'erat nulla tempus vivamus in felis eu sapien cursus vestibulum proin eu mi nulla', '2023-04-06', 2, 1, 5),
(554, 'pede libero quis orci nullam', 'lacinia eget tincidunt eget tempus vel pede morbi porttitor lorem id ligula suspendisse ornare consequat', '2023-05-07', 1, 2, 9),
(555, 'volutpat in congue etiam', 'orci eget orci vehicula condimentum curabitur in libero ut massa volutpat convallis morbi odio odio', '2023-02-26', 7, 1, 10),
(556, 'suspendisse potenti nullam porttitor lacus', 'aliquet ultrices erat tortor sollicitudin mi sit amet lobortis sapien sapien non mi integer', '2023-03-04', 3, 3, 6),
(557, 'pellentesque eget nunc', 'quam pharetra magna ac consequat metus sapien ut nunc vestibulum ante ipsum primis in faucibus orci', '2023-01-20', 3, 1, 2),
(558, 'quis augue luctus', 'hac habitasse platea dictumst etiam faucibus cursus urna ut tellus nulla ut erat id mauris vulputate', '2023-07-26', 3, 1, 5),
(559, 'in eleifend quam a', 'nascetur ridiculus mus etiam vel augue vestibulum rutrum rutrum neque aenean auctor gravida sem praesent id', '2023-06-18', 6, 1, 5),
(560, 'in tempor', 'nec euismod scelerisque quam turpis adipiscing lorem vitae mattis nibh ligula nec sem duis aliquam', '2023-01-05', 4, 1, 5),
(561, 'quam suspendisse potenti nullam porttitor', 'vel ipsum praesent blandit lacinia erat vestibulum sed magna at nunc commodo', '2023-04-13', 6, 1, 7),
(562, 'turpis adipiscing lorem', 'maecenas tristique est et tempus semper est quam pharetra magna ac consequat metus sapien', '2023-03-25', 1, 3, 9),
(563, 'augue aliquam erat volutpat', 'lectus in quam fringilla rhoncus mauris enim leo rhoncus sed vestibulum', '2023-07-11', 6, 4, 8),
(564, 'vel augue vestibulum', 'faucibus orci luctus et ultrices posuere cubilia curae donec pharetra magna vestibulum aliquet ultrices erat tortor sollicitudin mi', '2023-04-17', 1, 3, 11),
(565, 'ante nulla justo aliquam quis', 'semper interdum mauris ullamcorper purus sit amet nulla quisque arcu libero rutrum ac lobortis vel dapibus', '2023-06-18', 1, 4, 8),
(566, 'volutpat dui maecenas', 'justo morbi ut odio cras mi pede malesuada in imperdiet et commodo vulputate justo in blandit ultrices enim lorem', '2023-01-17', 5, 4, 3),
(567, 'proin leo odio porttitor id', 'lorem integer tincidunt ante vel ipsum praesent blandit lacinia erat vestibulum sed magna at nunc commodo placerat praesent', '2023-05-11', 3, 1, 5),
(568, 'augue vestibulum rutrum', 'nulla ac enim in tempor turpis nec euismod scelerisque quam turpis adipiscing lorem vitae mattis', '2023-06-21', 2, 4, 3),
(569, 'sapien urna', 'orci luctus et ultrices posuere cubilia curae duis faucibus accumsan odio curabitur', '2023-01-23', 1, 3, 3),
(570, 'purus aliquet at', 'sit amet consectetuer adipiscing elit proin risus praesent lectus vestibulum quam sapien varius ut blandit non interdum in ante vestibulum', '2023-02-02', 2, 4, 8),
(571, 'fermentum justo nec condimentum neque', 'vel enim sit amet nunc viverra dapibus nulla suscipit ligula in lacus curabitur at ipsum ac tellus semper interdum', '2023-07-10', 8, 4, 6),
(572, 'ipsum integer a nibh', 'nisi eu orci mauris lacinia sapien quis libero nullam sit amet turpis elementum', '2023-06-09', 1, 4, 2),
(573, 'vulputate vitae', 'porttitor pede justo eu massa donec dapibus duis at velit', '2023-07-31', 5, 1, 10),
(574, 'arcu libero rutrum', 'quam a odio in hac habitasse platea dictumst maecenas ut massa quis augue luctus tincidunt nulla mollis molestie', '2023-02-02', 7, 1, 4),
(575, 'massa tempor', 'lacus curabitur at ipsum ac tellus semper interdum mauris ullamcorper purus sit amet nulla', '2023-01-01', 1, 1, 2),
(576, 'vestibulum eget', 'quam pharetra magna ac consequat metus sapien ut nunc vestibulum ante', '2023-07-24', 6, 4, 2),
(577, 'praesent id massa id nisl', 'non ligula pellentesque ultrices phasellus id sapien in sapien iaculis congue vivamus metus', '2023-07-30', 6, 2, 6),
(578, 'ac lobortis', 'molestie nibh in lectus pellentesque at nulla suspendisse potenti cras in purus eu magna vulputate', '2023-06-14', 1, 4, 1),
(579, 'vitae quam suspendisse potenti nullam', 'posuere felis sed lacus morbi sem mauris laoreet ut rhoncus aliquet pulvinar', '2023-04-13', 5, 2, 1),
(580, 'vulputate vitae nisl aenean lectus', 'dictumst etiam faucibus cursus urna ut tellus nulla ut erat', '2023-07-29', 4, 2, 1),
(581, 'ullamcorper augue a', 'odio in hac habitasse platea dictumst maecenas ut massa quis augue luctus', '2023-02-01', 1, 1, 4),
(582, 'dui proin leo odio', 'eleifend donec ut dolor morbi vel lectus in quam fringilla rhoncus mauris enim leo rhoncus sed', '2023-06-23', 6, 3, 4),
(583, 'vehicula consequat morbi a ipsum', 'turpis elementum ligula vehicula consequat morbi a ipsum integer a', '2023-07-12', 3, 2, 4),
(584, 'id ligula suspendisse ornare consequat', 'morbi a ipsum integer a nibh in quis justo maecenas rhoncus aliquam lacus morbi quis tortor id nulla ultrices aliquet', '2023-03-13', 3, 1, 6),
(585, 'hac habitasse', 'nisi eu orci mauris lacinia sapien quis libero nullam sit', '2023-04-13', 7, 4, 2),
(586, 'volutpat quam', 'morbi non lectus aliquam sit amet diam in magna bibendum imperdiet nullam orci pede venenatis non', '2023-05-28', 5, 2, 8),
(587, 'rutrum at lorem integer', 'vestibulum eget vulputate ut ultrices vel augue vestibulum ante ipsum primis in faucibus orci luctus et ultrices posuere cubilia', '2023-02-17', 4, 3, 3),
(588, 'faucibus orci', 'arcu adipiscing molestie hendrerit at vulputate vitae nisl aenean lectus pellentesque eget nunc donec quis orci eget orci vehicula', '2023-06-29', 5, 3, 5),
(589, 'at turpis a pede posuere', 'quis turpis eget elit sodales scelerisque mauris sit amet eros suspendisse accumsan tortor quis turpis sed ante vivamus', '2023-04-13', 4, 3, 9),
(590, 'vel est donec', 'ligula in lacus curabitur at ipsum ac tellus semper interdum mauris ullamcorper purus sit amet nulla quisque arcu libero rutrum', '2023-03-27', 4, 4, 11),
(591, 'suscipit a feugiat et', 'leo maecenas pulvinar lobortis est phasellus sit amet erat nulla tempus vivamus in felis eu sapien cursus vestibulum', '2023-05-27', 7, 4, 10),
(592, 'id mauris', 'amet consectetuer adipiscing elit proin risus praesent lectus vestibulum quam sapien varius ut blandit non', '2023-03-03', 1, 2, 10),
(593, 'congue diam id ornare imperdiet', 'justo etiam pretium iaculis justo in hac habitasse platea dictumst etiam', '2023-04-12', 1, 4, 11),
(594, 'praesent lectus vestibulum quam sapien', 'adipiscing elit proin risus praesent lectus vestibulum quam sapien varius ut blandit non interdum in ante vestibulum ante ipsum', '2023-06-06', 8, 4, 5),
(595, 'pede lobortis ligula sit amet', 'ipsum aliquam non mauris morbi non lectus aliquam sit amet diam in', '2023-07-31', 2, 1, 1),
(596, 'posuere cubilia', 'vel sem sed sagittis nam congue risus semper porta volutpat quam pede', '2023-07-14', 7, 3, 4),
(597, 'luctus rutrum nulla tellus', 'commodo placerat praesent blandit nam nulla integer pede justo lacinia eget tincidunt eget tempus vel pede', '2023-06-21', 3, 1, 6),
(598, 'nulla elit ac nulla sed', 'sociis natoque penatibus et magnis dis parturient montes nascetur ridiculus mus vivamus vestibulum sagittis sapien cum sociis natoque penatibus et', '2023-01-30', 3, 3, 2),
(599, 'montes nascetur ridiculus mus etiam', 'ante vel ipsum praesent blandit lacinia erat vestibulum sed magna at nunc commodo placerat praesent', '2023-01-03', 5, 2, 1),
(600, 'potenti nullam', 'augue luctus tincidunt nulla mollis molestie lorem quisque ut erat curabitur gravida nisi at', '2023-02-09', 7, 1, 6),
(601, 'malesuada in imperdiet et commodo', 'id consequat in consequat ut nulla sed accumsan felis ut at dolor quis odio consequat varius integer ac leo', '2023-02-02', 3, 3, 10),
(602, 'vel pede morbi', 'eget orci vehicula condimentum curabitur in libero ut massa volutpat convallis morbi odio odio elementum eu', '2023-06-11', 1, 3, 1),
(603, 'cubilia curae duis faucibus', 'auctor sed tristique in tempus sit amet sem fusce consequat nulla', '2023-04-27', 6, 2, 5),
(604, 'metus arcu adipiscing molestie hendrerit', 'consectetuer adipiscing elit proin risus praesent lectus vestibulum quam sapien varius ut blandit non interdum in ante vestibulum ante ipsum', '2023-04-17', 2, 2, 11),
(605, 'tortor sollicitudin mi sit', 'quisque porta volutpat erat quisque erat eros viverra eget congue eget semper rutrum nulla', '2023-06-30', 3, 2, 3),
(606, 'sit amet diam in magna', 'cras in purus eu magna vulputate luctus cum sociis natoque penatibus et magnis dis parturient', '2023-07-11', 3, 1, 4),
(607, 'odio elementum eu interdum', 'phasellus in felis donec semper sapien a libero nam dui proin leo odio porttitor id consequat in consequat ut nulla', '2023-01-12', 8, 4, 9),
(608, 'lorem vitae mattis', 'enim leo rhoncus sed vestibulum sit amet cursus id turpis integer aliquet massa', '2023-01-13', 4, 4, 7),
(609, 'vestibulum ac est', 'amet consectetuer adipiscing elit proin interdum mauris non ligula pellentesque ultrices phasellus id sapien in sapien iaculis congue vivamus metus', '2023-04-05', 5, 1, 9),
(610, 'id ornare imperdiet sapien urna', 'curabitur gravida nisi at nibh in hac habitasse platea dictumst aliquam augue quam sollicitudin vitae consectetuer eget rutrum at lorem', '2023-01-10', 6, 3, 8),
(611, 'pellentesque ultrices phasellus id sapien', 'nec sem duis aliquam convallis nunc proin at turpis a pede posuere nonummy', '2023-04-19', 5, 2, 9),
(612, 'erat tortor sollicitudin mi sit', 'ut dolor morbi vel lectus in quam fringilla rhoncus mauris', '2023-02-10', 2, 3, 8),
(613, 'iaculis congue vivamus', 'erat curabitur gravida nisi at nibh in hac habitasse platea dictumst aliquam augue quam', '2023-03-25', 4, 2, 3),
(614, 'et magnis dis', 'ligula vehicula consequat morbi a ipsum integer a nibh in quis', '2023-02-28', 8, 2, 5),
(615, 'tortor sollicitudin', 'sem sed sagittis nam congue risus semper porta volutpat quam pede lobortis ligula', '2023-01-16', 8, 2, 2),
(616, 'eget orci vehicula condimentum curabitur', 'rutrum at lorem integer tincidunt ante vel ipsum praesent blandit lacinia erat vestibulum sed magna at nunc commodo', '2023-06-22', 5, 4, 3),
(617, 'cubilia curae nulla dapibus dolor', 'lacus curabitur at ipsum ac tellus semper interdum mauris ullamcorper purus sit amet nulla quisque arcu', '2023-01-07', 8, 3, 6),
(618, 'hac habitasse platea dictumst', 'ante vel ipsum praesent blandit lacinia erat vestibulum sed magna at nunc commodo placerat praesent', '2023-02-26', 4, 2, 4),
(619, 'et tempus semper', 'ipsum primis in faucibus orci luctus et ultrices posuere cubilia curae', '2023-01-04', 7, 3, 5),
(620, 'ipsum primis in faucibus', 'vitae consectetuer eget rutrum at lorem integer tincidunt ante vel ipsum praesent blandit lacinia erat vestibulum sed', '2023-07-20', 8, 2, 9),
(621, 'fusce lacus purus aliquet', 'nam dui proin leo odio porttitor id consequat in consequat ut nulla', '2023-07-20', 7, 4, 7),
(622, 'augue vestibulum', 'habitasse platea dictumst maecenas ut massa quis augue luctus tincidunt', '2023-01-10', 8, 3, 8),
(623, 'pharetra magna ac', 'luctus cum sociis natoque penatibus et magnis dis parturient montes nascetur ridiculus mus vivamus vestibulum sagittis sapien cum', '2023-03-30', 3, 4, 3),
(624, 'lobortis vel', 'sollicitudin mi sit amet lobortis sapien sapien non mi integer', '2023-05-09', 8, 1, 9),
(625, 'congue risus', 'vestibulum sagittis sapien cum sociis natoque penatibus et magnis dis parturient', '2023-07-26', 4, 1, 1),
(626, 'ligula sit amet', 'elit ac nulla sed vel enim sit amet nunc viverra dapibus', '2023-07-16', 8, 1, 11),
(627, 'nisi vulputate nonummy maecenas', 'at turpis donec posuere metus vitae ipsum aliquam non mauris morbi non lectus aliquam sit amet diam in magna bibendum', '2023-07-14', 2, 4, 1),
(628, 'congue vivamus metus arcu adipiscing', 'sed tincidunt eu felis fusce posuere felis sed lacus morbi sem mauris', '2023-06-16', 1, 4, 11),
(629, 'euismod scelerisque quam', 'orci luctus et ultrices posuere cubilia curae duis faucibus accumsan odio', '2023-06-02', 6, 2, 9),
(630, 'justo morbi ut odio cras', 'justo etiam pretium iaculis justo in hac habitasse platea dictumst etiam faucibus cursus urna ut tellus nulla ut', '2023-02-02', 6, 3, 6),
(631, 'hac habitasse', 'est congue elementum in hac habitasse platea dictumst morbi vestibulum velit', '2023-02-20', 7, 1, 7),
(632, 'nullam orci', 'nisl ut volutpat sapien arcu sed augue aliquam erat volutpat in congue etiam justo etiam pretium iaculis justo in hac', '2023-04-18', 5, 3, 4),
(633, 'posuere cubilia curae mauris viverra', 'in libero ut massa volutpat convallis morbi odio odio elementum eu interdum eu tincidunt', '2023-02-24', 1, 3, 5),
(634, 'sapien sapien', 'felis ut at dolor quis odio consequat varius integer ac leo pellentesque', '2023-01-22', 5, 2, 6),
(635, 'consectetuer adipiscing elit', 'non sodales sed tincidunt eu felis fusce posuere felis sed lacus morbi sem mauris', '2023-03-18', 7, 1, 4),
(636, 'nulla ultrices', 'eleifend quam a odio in hac habitasse platea dictumst maecenas ut massa', '2023-06-30', 5, 4, 3),
(637, 'dapibus augue vel accumsan', 'maecenas rhoncus aliquam lacus morbi quis tortor id nulla ultrices', '2023-06-24', 2, 3, 4),
(638, 'luctus et', 'adipiscing elit proin risus praesent lectus vestibulum quam sapien varius ut blandit non interdum', '2023-06-14', 8, 4, 4),
(639, 'aliquet at feugiat', 'vivamus in felis eu sapien cursus vestibulum proin eu mi nulla ac enim in tempor turpis', '2023-03-15', 2, 2, 11),
(640, 'accumsan felis ut at dolor', 'cursus vestibulum proin eu mi nulla ac enim in tempor turpis nec euismod scelerisque quam turpis adipiscing lorem', '2023-06-03', 7, 4, 9),
(641, 'luctus et ultrices posuere cubilia', 'lectus pellentesque at nulla suspendisse potenti cras in purus eu magna vulputate luctus cum sociis natoque', '2023-05-15', 8, 4, 6),
(642, 'ante vestibulum ante ipsum', 'aliquam convallis nunc proin at turpis a pede posuere nonummy integer non velit donec diam neque vestibulum', '2023-05-10', 8, 1, 10),
(643, 'amet cursus id turpis integer', 'nulla tempus vivamus in felis eu sapien cursus vestibulum proin', '2023-07-28', 7, 1, 11),
(644, 'tristique est et', 'congue vivamus metus arcu adipiscing molestie hendrerit at vulputate vitae nisl aenean lectus pellentesque eget', '2023-05-12', 5, 1, 2),
(645, 'consequat lectus', 'duis aliquam convallis nunc proin at turpis a pede posuere nonummy integer non velit donec diam neque vestibulum eget', '2023-07-04', 5, 2, 4),
(646, 'in quis justo maecenas rhoncus', 'ante vel ipsum praesent blandit lacinia erat vestibulum sed magna at nunc commodo placerat praesent blandit nam nulla integer pede', '2023-04-05', 5, 2, 7),
(647, 'sapien ut', 'vestibulum ante ipsum primis in faucibus orci luctus et ultrices posuere cubilia curae donec pharetra magna vestibulum', '2023-05-01', 3, 4, 10),
(648, 'pellentesque ultrices', 'vel est donec odio justo sollicitudin ut suscipit a feugiat et eros vestibulum ac est lacinia nisi venenatis tristique fusce', '2023-04-18', 7, 3, 6),
(649, 'leo odio porttitor id consequat', 'pede justo lacinia eget tincidunt eget tempus vel pede morbi porttitor', '2023-03-03', 1, 1, 3),
(650, 'quis odio consequat varius', 'purus phasellus in felis donec semper sapien a libero nam dui proin leo odio porttitor id consequat in', '2023-02-26', 6, 2, 4),
(651, 'lacus purus', 'magnis dis parturient montes nascetur ridiculus mus etiam vel augue', '2023-06-21', 3, 4, 10),
(652, 'etiam faucibus cursus', 'quam sollicitudin vitae consectetuer eget rutrum at lorem integer tincidunt ante vel ipsum praesent blandit lacinia erat vestibulum sed', '2023-02-08', 5, 4, 1),
(653, 'ultrices mattis odio donec', 'ultrices phasellus id sapien in sapien iaculis congue vivamus metus arcu adipiscing molestie hendrerit at vulputate', '2023-01-16', 5, 4, 10),
(654, 'quisque porta volutpat erat', 'orci luctus et ultrices posuere cubilia curae duis faucibus accumsan odio curabitur convallis duis consequat', '2023-07-07', 7, 4, 6),
(655, 'proin eu mi nulla ac', 'massa id lobortis convallis tortor risus dapibus augue vel accumsan tellus nisi eu', '2023-07-22', 3, 3, 3),
(656, 'lobortis sapien', 'morbi non lectus aliquam sit amet diam in magna bibendum imperdiet nullam orci pede venenatis non sodales', '2023-07-28', 1, 1, 1),
(657, 'sapien iaculis congue', 'luctus cum sociis natoque penatibus et magnis dis parturient montes nascetur ridiculus', '2023-04-16', 8, 4, 4),
(658, 'nulla eget eros elementum pellentesque', 'vitae mattis nibh ligula nec sem duis aliquam convallis nunc proin at turpis a pede posuere nonummy', '2023-01-17', 6, 4, 4),
(659, 'in lacus curabitur at', 'lorem ipsum dolor sit amet consectetuer adipiscing elit proin interdum mauris non ligula pellentesque ultrices', '2023-03-29', 1, 1, 5),
(660, 'turpis elementum ligula', 'ut volutpat sapien arcu sed augue aliquam erat volutpat in congue', '2023-01-15', 7, 3, 9),
(661, 'mauris viverra', 'nisi at nibh in hac habitasse platea dictumst aliquam augue quam sollicitudin vitae consectetuer eget rutrum', '2023-06-16', 1, 2, 6),
(662, 'morbi a ipsum', 'blandit mi in porttitor pede justo eu massa donec dapibus duis at velit eu est congue elementum in hac', '2023-06-07', 7, 2, 8),
(663, 'posuere cubilia curae', 'ipsum primis in faucibus orci luctus et ultrices posuere cubilia curae donec pharetra', '2023-01-07', 1, 2, 3),
(664, 'sit amet consectetuer', 'sit amet justo morbi ut odio cras mi pede malesuada in imperdiet et commodo vulputate', '2023-07-06', 3, 3, 7),
(665, 'quis justo maecenas', 'vitae ipsum aliquam non mauris morbi non lectus aliquam sit amet diam in magna bibendum imperdiet nullam', '2023-07-20', 7, 1, 5),
(666, 'turpis sed ante vivamus tortor', 'vestibulum aliquet ultrices erat tortor sollicitudin mi sit amet lobortis sapien sapien non mi', '2023-02-21', 8, 2, 3),
(667, 'tellus nisi eu', 'in quam fringilla rhoncus mauris enim leo rhoncus sed vestibulum', '2023-06-13', 5, 2, 11),
(668, 'pulvinar lobortis est phasellus', 'erat eros viverra eget congue eget semper rutrum nulla nunc purus phasellus in felis donec semper sapien a', '2023-07-12', 4, 1, 11),
(669, 'vestibulum vestibulum ante ipsum primis', 'a odio in hac habitasse platea dictumst maecenas ut massa quis augue luctus tincidunt nulla mollis molestie lorem quisque ut', '2023-01-17', 2, 4, 5),
(670, 'in leo', 'vel lectus in quam fringilla rhoncus mauris enim leo rhoncus', '2023-05-25', 6, 3, 8),
(671, 'metus arcu adipiscing molestie hendrerit', 'eu magna vulputate luctus cum sociis natoque penatibus et magnis dis parturient', '2023-06-22', 1, 2, 8),
(672, 'vel ipsum praesent', 'quam sapien varius ut blandit non interdum in ante vestibulum ante ipsum primis in faucibus orci luctus', '2023-06-10', 3, 2, 2),
(673, 'rutrum nulla tellus in sagittis', 'aenean auctor gravida sem praesent id massa id nisl venenatis lacinia aenean sit amet justo morbi ut', '2023-03-31', 8, 3, 1),
(674, 'donec posuere', 'nam nulla integer pede justo lacinia eget tincidunt eget tempus vel pede morbi porttitor lorem id ligula suspendisse ornare', '2023-06-09', 7, 4, 10),
(675, 'mauris enim', 'nulla ultrices aliquet maecenas leo odio condimentum id luctus nec molestie sed justo pellentesque viverra pede ac', '2023-04-30', 5, 2, 5),
(676, 'sed ante', 'amet nunc viverra dapibus nulla suscipit ligula in lacus curabitur', '2023-07-20', 5, 3, 6),
(677, 'in eleifend quam a odio', 'porttitor lorem id ligula suspendisse ornare consequat lectus in est', '2023-05-01', 6, 3, 11),
(678, 'et ultrices posuere cubilia curae', 'sem fusce consequat nulla nisl nunc nisl duis bibendum felis', '2023-05-06', 2, 2, 9),
(679, 'lacus morbi sem mauris laoreet', 'donec ut dolor morbi vel lectus in quam fringilla rhoncus mauris', '2023-02-22', 4, 2, 6),
(680, 'turpis elementum ligula vehicula', 'ligula in lacus curabitur at ipsum ac tellus semper interdum mauris ullamcorper purus sit amet', '2023-03-03', 4, 2, 11),
(681, 'suspendisse accumsan tortor', 'tortor duis mattis egestas metus aenean fermentum donec ut mauris eget massa', '2023-07-29', 2, 3, 9),
(682, 'dolor sit amet consectetuer', 'vestibulum vestibulum ante ipsum primis in faucibus orci luctus et', '2023-03-04', 7, 1, 1),
(683, 'tincidunt lacus at velit', 'amet nunc viverra dapibus nulla suscipit ligula in lacus curabitur at ipsum ac', '2023-07-14', 5, 3, 1),
(684, 'scelerisque mauris sit amet eros', 'quam turpis adipiscing lorem vitae mattis nibh ligula nec sem duis aliquam convallis nunc proin at turpis a pede posuere', '2023-06-28', 2, 4, 6),
(685, 'at velit eu est congue', 'eget orci vehicula condimentum curabitur in libero ut massa volutpat convallis morbi odio odio', '2023-01-16', 4, 2, 10),
(686, 'scelerisque mauris sit', 'volutpat quam pede lobortis ligula sit amet eleifend pede libero quis orci nullam molestie', '2023-07-20', 6, 3, 11),
(687, 'in congue', 'ac neque duis bibendum morbi non quam nec dui luctus rutrum nulla tellus in sagittis dui vel nisl duis ac', '2023-05-21', 3, 4, 8),
(688, 'viverra eget', 'parturient montes nascetur ridiculus mus etiam vel augue vestibulum rutrum rutrum neque aenean auctor gravida sem praesent id massa', '2023-07-24', 4, 3, 11),
(689, 'erat tortor', 'dapibus duis at velit eu est congue elementum in hac habitasse platea dictumst morbi vestibulum velit', '2023-03-11', 5, 4, 8),
(690, 'non mauris morbi non lectus', 'lorem ipsum dolor sit amet consectetuer adipiscing elit proin interdum mauris non', '2023-06-17', 8, 4, 9),
(691, 'sed nisl nunc', 'tellus semper interdum mauris ullamcorper purus sit amet nulla quisque arcu libero rutrum ac lobortis vel', '2023-05-13', 6, 1, 2),
(692, 'rhoncus aliquet pulvinar sed nisl', 'magna bibendum imperdiet nullam orci pede venenatis non sodales sed tincidunt eu felis fusce posuere felis', '2023-05-31', 3, 1, 3),
(693, 'odio consequat varius integer ac', 'libero convallis eget eleifend luctus ultricies eu nibh quisque id justo sit amet', '2023-03-04', 3, 2, 8),
(694, 'curabitur convallis duis', 'quisque porta volutpat erat quisque erat eros viverra eget congue eget semper', '2023-07-05', 6, 4, 11),
(695, 'justo sit', 'suspendisse ornare consequat lectus in est risus auctor sed tristique', '2023-01-18', 2, 4, 9),
(696, 'rutrum rutrum neque aenean auctor', 'ut odio cras mi pede malesuada in imperdiet et commodo vulputate justo in', '2023-06-28', 3, 4, 3),
(697, 'consectetuer eget rutrum at', 'velit nec nisi vulputate nonummy maecenas tincidunt lacus at velit', '2023-03-06', 8, 2, 2),
(698, 'turpis elementum ligula vehicula consequat', 'magna vestibulum aliquet ultrices erat tortor sollicitudin mi sit amet lobortis sapien sapien non mi integer ac neque duis bibendum', '2023-04-15', 7, 3, 7),
(699, 'vestibulum ante ipsum primis in', 'duis bibendum morbi non quam nec dui luctus rutrum nulla tellus in sagittis dui vel', '2023-04-06', 2, 2, 1),
(700, 'libero non mattis', 'proin leo odio porttitor id consequat in consequat ut nulla sed accumsan felis', '2023-02-27', 3, 1, 5),
(701, 'pede morbi porttitor', 'nisi nam ultrices libero non mattis pulvinar nulla pede ullamcorper augue a suscipit nulla elit ac nulla sed vel', '2023-01-20', 7, 2, 10),
(702, 'id massa', 'id nisl venenatis lacinia aenean sit amet justo morbi ut', '2023-02-06', 7, 4, 3),
(703, 'ultrices phasellus id sapien', 'pretium nisl ut volutpat sapien arcu sed augue aliquam erat volutpat in congue etiam justo etiam pretium iaculis justo', '2023-02-13', 4, 2, 2),
(704, 'purus sit', 'in est risus auctor sed tristique in tempus sit amet sem fusce consequat nulla nisl nunc', '2023-01-28', 3, 1, 9),
(705, 'cras non velit nec', 'aliquam augue quam sollicitudin vitae consectetuer eget rutrum at lorem integer', '2023-07-03', 7, 1, 4),
(706, 'amet sapien', 'et magnis dis parturient montes nascetur ridiculus mus vivamus vestibulum sagittis sapien', '2023-02-16', 4, 1, 2),
(707, 'luctus nec molestie', 'dolor morbi vel lectus in quam fringilla rhoncus mauris enim leo rhoncus sed vestibulum', '2023-02-21', 5, 1, 3),
(708, 'rutrum ac lobortis vel', 'ligula in lacus curabitur at ipsum ac tellus semper interdum mauris ullamcorper purus sit amet nulla quisque arcu libero', '2023-01-20', 5, 1, 5),
(709, 'cras in purus eu', 'quis orci eget orci vehicula condimentum curabitur in libero ut massa volutpat convallis morbi odio odio elementum eu interdum eu', '2023-06-07', 1, 1, 2),
(710, 'nulla ultrices aliquet', 'pretium quis lectus suspendisse potenti in eleifend quam a odio', '2023-01-01', 6, 4, 11),
(711, 'rutrum neque aenean auctor', 'curabitur gravida nisi at nibh in hac habitasse platea dictumst aliquam augue quam', '2023-02-20', 1, 4, 9),
(712, 'urna ut tellus', 'elementum eu interdum eu tincidunt in leo maecenas pulvinar lobortis est phasellus sit amet erat nulla', '2023-05-30', 5, 2, 3),
(713, 'habitasse platea dictumst', 'proin eu mi nulla ac enim in tempor turpis nec euismod scelerisque quam turpis adipiscing', '2023-02-04', 3, 4, 5),
(714, 'cum sociis natoque', 'libero nam dui proin leo odio porttitor id consequat in consequat ut nulla sed accumsan', '2023-06-03', 7, 1, 6),
(715, 'sem praesent id', 'donec odio justo sollicitudin ut suscipit a feugiat et eros vestibulum ac est lacinia', '2023-06-22', 6, 1, 1),
(716, 'quam sollicitudin', 'tempor convallis nulla neque libero convallis eget eleifend luctus ultricies eu nibh', '2023-06-20', 3, 3, 11),
(717, 'ultricies eu nibh quisque id', 'a feugiat et eros vestibulum ac est lacinia nisi venenatis', '2023-02-16', 3, 4, 9),
(718, 'vestibulum sagittis sapien cum sociis', 'luctus et ultrices posuere cubilia curae nulla dapibus dolor vel est donec odio justo sollicitudin ut suscipit a', '2023-02-26', 2, 2, 6),
(719, 'praesent blandit lacinia', 'scelerisque mauris sit amet eros suspendisse accumsan tortor quis turpis sed ante vivamus tortor duis mattis egestas metus aenean', '2023-04-13', 8, 2, 2),
(720, 'tincidunt in leo maecenas', 'tincidunt eu felis fusce posuere felis sed lacus morbi sem mauris laoreet ut', '2023-05-07', 1, 1, 5),
(721, 'ac est lacinia', 'nulla sed accumsan felis ut at dolor quis odio consequat varius integer ac leo', '2023-06-28', 7, 4, 2),
(722, 'vel pede morbi porttitor', 'urna pretium nisl ut volutpat sapien arcu sed augue aliquam erat volutpat in', '2023-06-24', 5, 1, 4),
(723, 'diam nam tristique tortor', 'pede morbi porttitor lorem id ligula suspendisse ornare consequat lectus in est risus auctor sed tristique in tempus sit amet', '2023-01-17', 1, 4, 8),
(724, 'lacinia aenean sit', 'luctus rutrum nulla tellus in sagittis dui vel nisl duis ac nibh fusce lacus purus', '2023-03-21', 2, 4, 11),
(725, 'nisl nunc nisl duis', 'turpis donec posuere metus vitae ipsum aliquam non mauris morbi non lectus aliquam sit amet diam', '2023-01-03', 5, 4, 10),
(726, 'mauris vulputate elementum nullam varius', 'lacinia sapien quis libero nullam sit amet turpis elementum ligula', '2023-07-26', 5, 4, 3),
(727, 'mattis pulvinar nulla pede', 'quam fringilla rhoncus mauris enim leo rhoncus sed vestibulum sit', '2023-04-14', 6, 4, 2),
(728, 'ridiculus mus', 'tellus in sagittis dui vel nisl duis ac nibh fusce lacus purus aliquet at feugiat non pretium', '2023-03-18', 2, 4, 8),
(729, 'et ultrices posuere cubilia', 'suscipit a feugiat et eros vestibulum ac est lacinia nisi venenatis tristique fusce congue diam id ornare imperdiet sapien urna', '2023-05-24', 6, 3, 11),
(730, 'nisi eu', 'lectus pellentesque at nulla suspendisse potenti cras in purus eu magna vulputate luctus cum sociis natoque penatibus et', '2023-07-17', 7, 2, 6),
(731, 'curabitur in libero', 'vehicula condimentum curabitur in libero ut massa volutpat convallis morbi odio odio elementum eu interdum eu tincidunt in leo maecenas', '2023-03-18', 3, 4, 3),
(732, 'vel dapibus at diam nam', 'risus semper porta volutpat quam pede lobortis ligula sit amet eleifend pede libero quis orci nullam', '2023-02-05', 4, 4, 6),
(733, 'id lobortis convallis tortor risus', 'cubilia curae donec pharetra magna vestibulum aliquet ultrices erat tortor sollicitudin mi sit amet', '2023-03-09', 2, 1, 10),
(734, 'eu tincidunt', 'metus sapien ut nunc vestibulum ante ipsum primis in faucibus', '2023-03-04', 7, 4, 11),
(735, 'iaculis congue vivamus metus arcu', 'vestibulum ante ipsum primis in faucibus orci luctus et ultrices posuere cubilia curae donec pharetra magna vestibulum', '2023-06-16', 8, 3, 4),
(736, 'morbi sem mauris laoreet ut', 'facilisi cras non velit nec nisi vulputate nonummy maecenas tincidunt lacus at velit vivamus vel nulla eget', '2023-07-22', 6, 2, 2),
(737, 'blandit mi', 'sed accumsan felis ut at dolor quis odio consequat varius integer ac leo pellentesque ultrices mattis odio donec', '2023-02-27', 2, 1, 6),
(738, 'vestibulum ante ipsum primis in', 'dapibus augue vel accumsan tellus nisi eu orci mauris lacinia sapien quis libero', '2023-02-10', 8, 4, 8),
(739, 'nulla tellus in sagittis', 'tortor duis mattis egestas metus aenean fermentum donec ut mauris eget massa tempor convallis nulla neque', '2023-05-10', 1, 2, 4),
(740, 'cras mi pede', 'turpis sed ante vivamus tortor duis mattis egestas metus aenean fermentum donec ut', '2023-04-21', 6, 2, 10),
(741, 'nunc purus', 'dui maecenas tristique est et tempus semper est quam pharetra magna ac consequat metus sapien ut nunc vestibulum ante', '2023-02-19', 4, 4, 6),
(742, 'justo nec condimentum neque sapien', 'sed lacus morbi sem mauris laoreet ut rhoncus aliquet pulvinar sed nisl nunc rhoncus dui vel sem sed sagittis', '2023-03-30', 3, 4, 5),
(743, 'leo rhoncus sed vestibulum sit', 'in faucibus orci luctus et ultrices posuere cubilia curae donec pharetra magna vestibulum aliquet ultrices erat tortor sollicitudin', '2023-07-07', 2, 1, 11),
(744, 'sit amet', 'parturient montes nascetur ridiculus mus vivamus vestibulum sagittis sapien cum sociis natoque penatibus et magnis dis parturient montes nascetur ridiculus', '2023-01-21', 2, 3, 8),
(745, 'purus phasellus', 'mauris non ligula pellentesque ultrices phasellus id sapien in sapien iaculis congue vivamus metus arcu adipiscing', '2023-04-21', 7, 1, 6),
(746, 'sem fusce consequat', 'sapien arcu sed augue aliquam erat volutpat in congue etiam justo', '2023-02-05', 4, 1, 4),
(747, 'imperdiet et commodo', 'etiam faucibus cursus urna ut tellus nulla ut erat id mauris vulputate elementum nullam varius nulla', '2023-01-31', 5, 4, 1),
(748, 'nunc purus', 'et ultrices posuere cubilia curae mauris viverra diam vitae quam suspendisse potenti nullam porttitor lacus at turpis donec posuere', '2023-02-01', 6, 2, 11),
(749, 'lacus purus', 'justo lacinia eget tincidunt eget tempus vel pede morbi porttitor lorem id ligula suspendisse ornare consequat lectus in est', '2023-03-11', 6, 1, 1),
(750, 'parturient montes nascetur', 'molestie hendrerit at vulputate vitae nisl aenean lectus pellentesque eget nunc donec quis', '2023-05-09', 6, 3, 4),
(751, 'lacinia nisi', 'quam sapien varius ut blandit non interdum in ante vestibulum ante ipsum primis in faucibus orci luctus et ultrices', '2023-06-08', 1, 1, 6),
(752, 'nulla sed', 'dui nec nisi volutpat eleifend donec ut dolor morbi vel', '2023-03-18', 2, 4, 11),
(753, 'ligula nec sem duis aliquam', 'cursus id turpis integer aliquet massa id lobortis convallis tortor risus dapibus augue vel', '2023-01-30', 6, 4, 7),
(754, 'tempor convallis nulla neque', 'ligula sit amet eleifend pede libero quis orci nullam molestie nibh in lectus pellentesque at nulla suspendisse potenti cras', '2023-03-21', 4, 4, 11),
(755, 'ipsum ac', 'rutrum neque aenean auctor gravida sem praesent id massa id', '2023-03-09', 5, 3, 11),
(756, 'id mauris vulputate', 'sodales scelerisque mauris sit amet eros suspendisse accumsan tortor quis turpis sed ante vivamus tortor duis mattis', '2023-03-14', 7, 2, 10),
(757, 'nibh ligula', 'enim in tempor turpis nec euismod scelerisque quam turpis adipiscing lorem vitae', '2023-06-08', 8, 1, 3),
(758, 'tortor quis turpis sed', 'quis justo maecenas rhoncus aliquam lacus morbi quis tortor id nulla ultrices', '2023-03-21', 7, 4, 3),
(759, 'quis justo maecenas rhoncus aliquam', 'libero nam dui proin leo odio porttitor id consequat in consequat ut nulla sed accumsan felis', '2023-02-18', 2, 4, 8),
(760, 'tellus nulla ut erat', 'vitae ipsum aliquam non mauris morbi non lectus aliquam sit amet diam in magna bibendum imperdiet nullam orci pede venenatis', '2023-03-15', 7, 2, 7),
(761, 'vulputate vitae', 'in faucibus orci luctus et ultrices posuere cubilia curae nulla dapibus dolor', '2023-07-22', 5, 1, 6),
(762, 'vel dapibus at diam nam', 'odio odio elementum eu interdum eu tincidunt in leo maecenas pulvinar', '2023-01-14', 7, 4, 1),
(763, 'massa id nisl venenatis', 'in blandit ultrices enim lorem ipsum dolor sit amet consectetuer', '2023-06-18', 6, 1, 9),
(764, 'non mauris morbi non lectus', 'tincidunt lacus at velit vivamus vel nulla eget eros elementum', '2023-07-29', 8, 3, 2),
(765, 'pede venenatis non sodales sed', 'in faucibus orci luctus et ultrices posuere cubilia curae nulla dapibus dolor vel', '2023-03-14', 7, 2, 1),
(766, 'odio condimentum id luctus', 'sit amet eleifend pede libero quis orci nullam molestie nibh in lectus pellentesque at nulla suspendisse potenti', '2023-04-20', 5, 1, 10),
(767, 'donec ut dolor morbi vel', 'vivamus metus arcu adipiscing molestie hendrerit at vulputate vitae nisl aenean lectus', '2023-03-09', 2, 3, 11),
(768, 'interdum mauris non', 'id sapien in sapien iaculis congue vivamus metus arcu adipiscing molestie hendrerit at vulputate vitae nisl aenean', '2023-06-18', 7, 2, 3),
(769, 'vivamus metus arcu adipiscing', 'eu est congue elementum in hac habitasse platea dictumst morbi vestibulum', '2023-05-29', 7, 1, 9),
(770, 'aliquam augue quam', 'eu massa donec dapibus duis at velit eu est congue elementum', '2023-04-06', 3, 1, 6),
(771, 'morbi sem mauris laoreet', 'posuere metus vitae ipsum aliquam non mauris morbi non lectus aliquam sit amet diam in magna bibendum imperdiet nullam orci', '2023-06-01', 5, 3, 1),
(772, 'ipsum dolor sit amet', 'adipiscing lorem vitae mattis nibh ligula nec sem duis aliquam convallis nunc proin at turpis', '2023-01-10', 7, 2, 5),
(773, 'suscipit nulla elit', 'ut volutpat sapien arcu sed augue aliquam erat volutpat in congue etiam justo etiam pretium iaculis justo in', '2023-04-04', 6, 4, 11),
(774, 'luctus et ultrices posuere cubilia', 'eget tempus vel pede morbi porttitor lorem id ligula suspendisse ornare consequat lectus in est risus auctor sed tristique in', '2023-07-16', 7, 4, 5),
(775, 'odio porttitor id consequat in', 'a feugiat et eros vestibulum ac est lacinia nisi venenatis tristique fusce', '2023-07-12', 4, 2, 8),
(776, 'ut volutpat sapien', 'eget eleifend luctus ultricies eu nibh quisque id justo sit amet sapien dignissim', '2023-03-08', 2, 4, 6),
(777, 'maecenas tristique est', 'cursus vestibulum proin eu mi nulla ac enim in tempor turpis nec euismod scelerisque', '2023-03-01', 3, 3, 5),
(778, 'ultrices posuere cubilia curae', 'justo sollicitudin ut suscipit a feugiat et eros vestibulum ac est lacinia nisi venenatis tristique fusce congue diam', '2023-03-07', 2, 4, 9),
(779, 'nunc commodo', 'eu orci mauris lacinia sapien quis libero nullam sit amet turpis', '2023-04-19', 7, 2, 6),
(780, 'rutrum ac lobortis vel', 'ultrices erat tortor sollicitudin mi sit amet lobortis sapien sapien non mi integer ac neque duis', '2023-07-03', 3, 4, 8),
(781, 'erat id', 'condimentum neque sapien placerat ante nulla justo aliquam quis turpis eget', '2023-06-24', 3, 3, 9),
(782, 'convallis nunc', 'ac nulla sed vel enim sit amet nunc viverra dapibus nulla suscipit ligula in lacus', '2023-03-13', 2, 3, 6),
(783, 'ante ipsum primis in', 'dictumst etiam faucibus cursus urna ut tellus nulla ut erat id', '2023-04-22', 4, 4, 5),
(784, 'dolor sit', 'parturient montes nascetur ridiculus mus vivamus vestibulum sagittis sapien cum sociis', '2023-07-14', 6, 4, 9),
(785, 'condimentum neque sapien placerat', 'sapien dignissim vestibulum vestibulum ante ipsum primis in faucibus orci luctus et ultrices posuere cubilia curae nulla dapibus', '2023-03-25', 8, 1, 5),
(786, 'vivamus vel', 'parturient montes nascetur ridiculus mus vivamus vestibulum sagittis sapien cum sociis natoque penatibus et magnis', '2023-01-26', 4, 2, 5),
(787, 'amet consectetuer adipiscing elit', 'eget eleifend luctus ultricies eu nibh quisque id justo sit amet sapien dignissim vestibulum vestibulum ante ipsum', '2023-03-04', 1, 4, 6),
(788, 'odio odio elementum eu interdum', 'ridiculus mus etiam vel augue vestibulum rutrum rutrum neque aenean auctor gravida sem praesent id massa id nisl', '2023-05-22', 7, 1, 2),
(789, 'sit amet', 'platea dictumst maecenas ut massa quis augue luctus tincidunt nulla mollis', '2023-07-04', 4, 3, 7),
(790, 'aliquam augue quam sollicitudin vitae', 'eros elementum pellentesque quisque porta volutpat erat quisque erat eros viverra eget congue eget semper', '2023-06-27', 3, 2, 9),
(791, 'ut odio cras mi', 'convallis morbi odio odio elementum eu interdum eu tincidunt in leo maecenas pulvinar lobortis est phasellus', '2023-05-06', 3, 1, 2),
(792, 'morbi vel lectus in quam', 'sapien ut nunc vestibulum ante ipsum primis in faucibus orci luctus et', '2023-02-08', 1, 3, 4),
(793, 'erat quisque erat eros', 'lacus morbi sem mauris laoreet ut rhoncus aliquet pulvinar sed nisl nunc rhoncus dui', '2023-07-24', 5, 4, 4),
(794, 'mattis nibh ligula', 'ultrices aliquet maecenas leo odio condimentum id luctus nec molestie sed justo pellentesque viverra pede ac diam cras', '2023-01-10', 6, 2, 2),
(795, 'interdum mauris non ligula', 'ut massa quis augue luctus tincidunt nulla mollis molestie lorem quisque ut erat curabitur gravida nisi at nibh', '2023-03-26', 8, 4, 5),
(796, 'nulla sed vel', 'duis ac nibh fusce lacus purus aliquet at feugiat non pretium', '2023-08-01', 1, 4, 6),
(797, 'sed interdum venenatis', 'aliquam lacus morbi quis tortor id nulla ultrices aliquet maecenas leo odio condimentum id luctus nec molestie sed', '2023-03-01', 3, 4, 8),
(798, 'ultrices libero non mattis pulvinar', 'pede venenatis non sodales sed tincidunt eu felis fusce posuere felis', '2023-03-09', 8, 1, 8),
(799, 'aliquam quis', 'hac habitasse platea dictumst morbi vestibulum velit id pretium iaculis diam', '2023-02-24', 7, 3, 8),
(800, 'felis ut at dolor quis', 'eget elit sodales scelerisque mauris sit amet eros suspendisse accumsan tortor quis turpis sed ante vivamus tortor duis', '2023-07-16', 5, 1, 5),
(801, 'nam nulla integer pede justo', 'tortor sollicitudin mi sit amet lobortis sapien sapien non mi integer ac neque duis bibendum morbi non', '2023-06-07', 7, 2, 5),
(802, 'in hac habitasse', 'a libero nam dui proin leo odio porttitor id consequat in consequat ut nulla sed accumsan felis', '2023-07-08', 4, 1, 9),
(803, 'vestibulum ante ipsum primis', 'imperdiet et commodo vulputate justo in blandit ultrices enim lorem ipsum dolor sit amet consectetuer adipiscing', '2023-04-20', 7, 2, 11),
(804, 'eget nunc donec quis orci', 'maecenas tincidunt lacus at velit vivamus vel nulla eget eros elementum pellentesque quisque porta', '2023-05-03', 6, 3, 2),
(805, 'tempus vel pede', 'turpis adipiscing lorem vitae mattis nibh ligula nec sem duis aliquam convallis nunc proin', '2023-01-09', 4, 2, 4),
(806, 'et tempus semper est', 'ac enim in tempor turpis nec euismod scelerisque quam turpis adipiscing lorem vitae mattis nibh ligula', '2023-03-08', 8, 4, 9),
(807, 'est risus auctor', 'dolor morbi vel lectus in quam fringilla rhoncus mauris enim leo rhoncus sed vestibulum sit', '2023-04-03', 7, 4, 5),
(808, 'lacus morbi sem', 'in hac habitasse platea dictumst morbi vestibulum velit id pretium iaculis diam erat fermentum justo nec condimentum neque', '2023-01-10', 3, 2, 5),
(809, 'sed ante vivamus tortor', 'lacus at turpis donec posuere metus vitae ipsum aliquam non mauris morbi non lectus aliquam sit amet', '2023-03-28', 4, 4, 8),
(810, 'aenean sit', 'in hac habitasse platea dictumst etiam faucibus cursus urna ut tellus nulla ut erat id mauris vulputate elementum nullam', '2023-03-25', 5, 1, 6),
(811, 'neque sapien placerat', 'nunc viverra dapibus nulla suscipit ligula in lacus curabitur at ipsum ac tellus', '2023-04-06', 3, 2, 3),
(812, 'ut dolor morbi vel lectus', 'aliquam augue quam sollicitudin vitae consectetuer eget rutrum at lorem integer tincidunt ante vel ipsum', '2023-02-25', 7, 4, 1),
(813, 'vel dapibus', 'pellentesque at nulla suspendisse potenti cras in purus eu magna vulputate luctus cum sociis natoque penatibus et magnis dis parturient', '2023-01-04', 7, 3, 6),
(814, 'proin risus', 'nulla elit ac nulla sed vel enim sit amet nunc viverra dapibus nulla suscipit ligula in lacus curabitur at', '2023-04-03', 5, 2, 11),
(815, 'auctor sed tristique in tempus', 'tempor turpis nec euismod scelerisque quam turpis adipiscing lorem vitae mattis nibh ligula nec sem duis aliquam convallis', '2023-07-11', 8, 1, 8),
(816, 'posuere nonummy integer', 'tortor quis turpis sed ante vivamus tortor duis mattis egestas metus aenean fermentum donec ut mauris', '2023-03-03', 5, 3, 8),
(817, 'augue a', 'tellus nulla ut erat id mauris vulputate elementum nullam varius nulla', '2023-03-23', 2, 1, 2),
(818, 'blandit nam nulla integer pede', 'ut erat curabitur gravida nisi at nibh in hac habitasse platea dictumst aliquam', '2023-07-10', 1, 4, 9),
(819, 'luctus et ultrices', 'eu sapien cursus vestibulum proin eu mi nulla ac enim in', '2023-04-24', 5, 3, 1),
(820, 'magna ac consequat metus sapien', 'lectus vestibulum quam sapien varius ut blandit non interdum in ante vestibulum ante ipsum primis', '2023-06-29', 1, 1, 9),
(821, 'accumsan odio', 'sem praesent id massa id nisl venenatis lacinia aenean sit amet justo morbi', '2023-07-09', 8, 1, 7),
(822, 'convallis nunc proin', 'condimentum id luctus nec molestie sed justo pellentesque viverra pede ac diam cras pellentesque', '2023-06-04', 1, 2, 10),
(823, 'orci luctus et ultrices', 'massa id lobortis convallis tortor risus dapibus augue vel accumsan tellus nisi eu orci mauris lacinia sapien', '2023-07-24', 6, 2, 1),
(824, 'pretium iaculis justo', 'consequat ut nulla sed accumsan felis ut at dolor quis odio consequat varius integer ac leo pellentesque ultrices', '2023-06-06', 8, 2, 1),
(825, 'pede morbi porttitor', 'curae nulla dapibus dolor vel est donec odio justo sollicitudin ut suscipit a feugiat et eros vestibulum ac est', '2023-01-23', 7, 1, 4),
(826, 'posuere cubilia curae', 'nullam porttitor lacus at turpis donec posuere metus vitae ipsum aliquam non mauris morbi non lectus aliquam sit amet diam', '2023-06-02', 5, 4, 7),
(827, 'ultrices phasellus', 'porta volutpat erat quisque erat eros viverra eget congue eget semper rutrum', '2023-03-29', 6, 4, 6),
(828, 'nulla suspendisse potenti cras in', 'posuere cubilia curae duis faucibus accumsan odio curabitur convallis duis consequat dui nec nisi volutpat eleifend donec ut dolor', '2023-06-21', 7, 3, 1),
(829, 'eget tincidunt eget tempus', 'hac habitasse platea dictumst maecenas ut massa quis augue luctus tincidunt nulla mollis', '2023-05-25', 2, 1, 5),
(830, 'semper est quam pharetra magna', 'porttitor lacus at turpis donec posuere metus vitae ipsum aliquam non mauris morbi non lectus aliquam', '2023-04-01', 2, 4, 8),
(831, 'nisi venenatis tristique fusce congue', 'in felis eu sapien cursus vestibulum proin eu mi nulla ac enim in tempor turpis', '2023-01-27', 8, 1, 9),
(832, 'aenean fermentum donec ut', 'rhoncus aliquet pulvinar sed nisl nunc rhoncus dui vel sem sed sagittis nam congue risus semper porta volutpat quam pede', '2023-07-03', 5, 3, 8),
(833, 'ut nunc', 'donec pharetra magna vestibulum aliquet ultrices erat tortor sollicitudin mi sit amet lobortis sapien sapien non mi integer ac', '2023-05-03', 8, 4, 10),
(834, 'accumsan felis ut at', 'dapibus duis at velit eu est congue elementum in hac habitasse platea dictumst morbi vestibulum', '2023-06-06', 7, 1, 11),
(835, 'dolor sit', 'suspendisse potenti cras in purus eu magna vulputate luctus cum sociis natoque penatibus et magnis dis', '2023-03-09', 7, 2, 7),
(836, 'ipsum integer a', 'parturient montes nascetur ridiculus mus etiam vel augue vestibulum rutrum rutrum neque aenean auctor gravida sem', '2023-02-28', 1, 1, 5),
(837, 'id mauris vulputate', 'leo pellentesque ultrices mattis odio donec vitae nisi nam ultrices libero', '2023-01-29', 6, 2, 8),
(838, 'nam dui proin leo', 'a suscipit nulla elit ac nulla sed vel enim sit amet nunc viverra dapibus nulla suscipit ligula in lacus curabitur', '2023-03-28', 6, 1, 5),
(839, 'faucibus orci luctus et', 'a nibh in quis justo maecenas rhoncus aliquam lacus morbi quis tortor id nulla ultrices aliquet maecenas', '2023-05-08', 5, 4, 2),
(840, 'ac diam cras', 'justo etiam pretium iaculis justo in hac habitasse platea dictumst etiam faucibus', '2023-06-22', 8, 2, 9),
(841, 'amet nunc', 'auctor sed tristique in tempus sit amet sem fusce consequat nulla nisl nunc', '2023-07-20', 2, 3, 1),
(842, 'vestibulum ac est lacinia', 'dis parturient montes nascetur ridiculus mus etiam vel augue vestibulum rutrum rutrum neque aenean', '2023-02-06', 6, 3, 8),
(843, 'vitae mattis nibh', 'montes nascetur ridiculus mus vivamus vestibulum sagittis sapien cum sociis natoque', '2023-06-30', 4, 1, 3),
(844, 'nulla nunc purus', 'in quis justo maecenas rhoncus aliquam lacus morbi quis tortor id nulla ultrices aliquet maecenas leo', '2023-06-28', 1, 2, 8),
(845, 'magna ac consequat metus', 'auctor gravida sem praesent id massa id nisl venenatis lacinia aenean sit amet justo morbi ut odio', '2023-07-11', 6, 3, 10),
(846, 'rutrum nulla tellus', 'metus arcu adipiscing molestie hendrerit at vulputate vitae nisl aenean', '2023-05-12', 8, 1, 3),
(847, 'quis justo', 'risus auctor sed tristique in tempus sit amet sem fusce', '2023-04-01', 6, 2, 4),
(848, 'fermentum donec ut mauris', 'posuere cubilia curae nulla dapibus dolor vel est donec odio justo sollicitudin', '2023-06-07', 3, 1, 8),
(849, 'sed vel', 'odio curabitur convallis duis consequat dui nec nisi volutpat eleifend donec ut dolor morbi', '2023-05-25', 6, 1, 11),
(850, 'lobortis est phasellus sit amet', 'orci luctus et ultrices posuere cubilia curae donec pharetra magna vestibulum aliquet ultrices erat tortor sollicitudin mi', '2023-06-10', 1, 1, 4),
(851, 'vel accumsan tellus nisi', 'ullamcorper augue a suscipit nulla elit ac nulla sed vel enim sit amet nunc viverra dapibus nulla suscipit', '2023-05-27', 2, 1, 9),
(852, 'feugiat non pretium quis lectus', 'massa id lobortis convallis tortor risus dapibus augue vel accumsan tellus', '2023-03-15', 4, 1, 11),
(853, 'elit proin interdum mauris non', 'ultrices posuere cubilia curae mauris viverra diam vitae quam suspendisse potenti', '2023-04-23', 4, 4, 4),
(854, 'at diam nam', 'a odio in hac habitasse platea dictumst maecenas ut massa quis augue luctus', '2023-05-26', 6, 1, 5),
(855, 'blandit ultrices enim', 'accumsan tellus nisi eu orci mauris lacinia sapien quis libero nullam', '2023-02-14', 8, 2, 1),
(856, 'at nibh in', 'purus phasellus in felis donec semper sapien a libero nam dui proin leo odio porttitor id', '2023-03-16', 2, 1, 10),
(857, 'ligula vehicula', 'adipiscing elit proin risus praesent lectus vestibulum quam sapien varius ut', '2023-05-09', 8, 1, 5),
(858, 'ultrices enim lorem', 'neque vestibulum eget vulputate ut ultrices vel augue vestibulum ante ipsum primis in', '2023-01-18', 4, 3, 10),
(859, 'fusce posuere', 'amet nulla quisque arcu libero rutrum ac lobortis vel dapibus at diam nam tristique', '2023-02-23', 6, 1, 2),
(860, 'convallis morbi odio', 'enim lorem ipsum dolor sit amet consectetuer adipiscing elit proin', '2023-04-01', 6, 2, 2),
(861, 'convallis eget eleifend', 'dapibus augue vel accumsan tellus nisi eu orci mauris lacinia sapien quis libero', '2023-07-19', 6, 3, 4),
(862, 'leo rhoncus sed', 'non ligula pellentesque ultrices phasellus id sapien in sapien iaculis congue vivamus metus arcu adipiscing molestie hendrerit at vulputate vitae', '2023-01-21', 8, 1, 5),
(863, 'praesent lectus vestibulum quam sapien', 'eget tempus vel pede morbi porttitor lorem id ligula suspendisse', '2023-06-20', 3, 3, 1),
(864, 'justo in hac habitasse platea', 'interdum in ante vestibulum ante ipsum primis in faucibus orci luctus et ultrices posuere cubilia curae duis faucibus accumsan', '2023-03-26', 5, 1, 1),
(865, 'porttitor lorem', 'justo etiam pretium iaculis justo in hac habitasse platea dictumst etiam', '2023-05-24', 8, 2, 1),
(866, 'libero nullam', 'dolor quis odio consequat varius integer ac leo pellentesque ultrices mattis odio donec vitae nisi', '2023-02-21', 1, 1, 8),
(867, 'mauris lacinia', 'fermentum donec ut mauris eget massa tempor convallis nulla neque libero convallis eget eleifend luctus ultricies eu nibh quisque id', '2023-06-03', 4, 1, 5),
(868, 'lacinia erat vestibulum sed magna', 'urna pretium nisl ut volutpat sapien arcu sed augue aliquam erat volutpat in congue etiam justo etiam', '2023-05-03', 3, 1, 4),
(869, 'in faucibus orci luctus et', 'mauris ullamcorper purus sit amet nulla quisque arcu libero rutrum ac lobortis vel dapibus at', '2023-03-15', 7, 3, 2),
(870, 'nec condimentum neque', 'justo lacinia eget tincidunt eget tempus vel pede morbi porttitor lorem id ligula suspendisse ornare consequat lectus in est', '2023-06-05', 2, 4, 3),
(871, 'eget congue eget semper', 'nulla eget eros elementum pellentesque quisque porta volutpat erat quisque', '2023-01-21', 8, 2, 6),
(872, 'at velit vivamus vel nulla', 'ante ipsum primis in faucibus orci luctus et ultrices posuere cubilia curae mauris viverra', '2023-06-03', 5, 2, 8),
(873, 'morbi sem mauris laoreet ut', 'quis orci eget orci vehicula condimentum curabitur in libero ut massa volutpat convallis morbi', '2023-02-12', 6, 2, 2),
(874, 'nunc purus phasellus in felis', 'duis at velit eu est congue elementum in hac habitasse platea dictumst morbi vestibulum velit id pretium', '2023-07-04', 2, 2, 11),
(875, 'fermentum donec ut', 'velit donec diam neque vestibulum eget vulputate ut ultrices vel augue vestibulum ante ipsum primis', '2023-03-05', 7, 4, 11),
(876, 'adipiscing elit', 'aliquam sit amet diam in magna bibendum imperdiet nullam orci pede venenatis non sodales sed tincidunt eu felis', '2023-01-02', 4, 4, 9),
(877, 'justo in blandit ultrices', 'ipsum ac tellus semper interdum mauris ullamcorper purus sit amet nulla quisque arcu libero rutrum', '2023-02-24', 1, 1, 10),
(878, 'eu magna', 'felis fusce posuere felis sed lacus morbi sem mauris laoreet ut rhoncus aliquet', '2023-03-04', 8, 4, 9),
(879, 'molestie hendrerit at vulputate', 'vestibulum velit id pretium iaculis diam erat fermentum justo nec', '2023-04-17', 6, 1, 10),
(880, 'turpis nec euismod', 'et ultrices posuere cubilia curae nulla dapibus dolor vel est donec odio', '2023-03-12', 6, 2, 11),
(881, 'at turpis a pede posuere', 'lacus morbi quis tortor id nulla ultrices aliquet maecenas leo odio condimentum id luctus', '2023-04-05', 6, 3, 7),
(882, 'elementum pellentesque quisque porta', 'sit amet nunc viverra dapibus nulla suscipit ligula in lacus curabitur at', '2023-07-28', 3, 4, 4),
(883, 'praesent id massa id nisl', 'volutpat erat quisque erat eros viverra eget congue eget semper', '2023-07-03', 5, 3, 7),
(884, 'purus sit amet nulla quisque', 'dapibus augue vel accumsan tellus nisi eu orci mauris lacinia sapien quis libero nullam sit amet turpis elementum ligula vehicula', '2023-03-11', 2, 3, 8),
(885, 'velit vivamus vel nulla', 'elit proin interdum mauris non ligula pellentesque ultrices phasellus id sapien in sapien', '2023-04-03', 7, 1, 11),
(886, 'mi pede malesuada', 'ultrices posuere cubilia curae donec pharetra magna vestibulum aliquet ultrices erat', '2023-07-27', 7, 3, 2),
(887, 'elementum eu interdum eu tincidunt', 'vel nulla eget eros elementum pellentesque quisque porta volutpat erat', '2023-03-07', 8, 4, 2),
(888, 'nibh quisque id', 'lobortis convallis tortor risus dapibus augue vel accumsan tellus nisi eu orci mauris lacinia sapien quis libero nullam', '2023-02-09', 8, 1, 5),
(889, 'morbi odio odio elementum eu', 'sit amet lobortis sapien sapien non mi integer ac neque duis bibendum morbi non quam nec dui luctus', '2023-02-09', 8, 4, 8),
(890, 'quis odio consequat', 'ullamcorper purus sit amet nulla quisque arcu libero rutrum ac lobortis vel dapibus at diam nam', '2023-02-07', 8, 3, 5),
(891, 'eget semper rutrum', 'mauris morbi non lectus aliquam sit amet diam in magna bibendum imperdiet nullam orci pede venenatis non', '2023-02-07', 1, 2, 4),
(892, 'vulputate justo in', 'nec molestie sed justo pellentesque viverra pede ac diam cras pellentesque volutpat dui maecenas tristique est et tempus semper est', '2023-01-30', 7, 4, 11),
(893, 'est et tempus semper est', 'urna pretium nisl ut volutpat sapien arcu sed augue aliquam erat volutpat in congue etiam justo etiam pretium iaculis', '2023-06-28', 1, 3, 11),
(894, 'placerat ante nulla', 'phasellus sit amet erat nulla tempus vivamus in felis eu', '2023-05-28', 1, 2, 1),
(895, 'libero convallis eget', 'consequat morbi a ipsum integer a nibh in quis justo maecenas rhoncus aliquam', '2023-05-04', 7, 1, 6),
(896, 'orci eget', 'vel nisl duis ac nibh fusce lacus purus aliquet at feugiat non pretium quis lectus suspendisse potenti in eleifend quam', '2023-06-06', 7, 2, 10),
(897, 'vestibulum eget vulputate', 'duis consequat dui nec nisi volutpat eleifend donec ut dolor morbi vel lectus in quam fringilla rhoncus', '2023-01-06', 2, 3, 7),
(898, 'sapien cursus vestibulum', 'accumsan odio curabitur convallis duis consequat dui nec nisi volutpat eleifend donec ut dolor morbi vel lectus in quam fringilla', '2023-01-23', 5, 2, 4),
(899, 'curabitur gravida nisi at', 'eget tincidunt eget tempus vel pede morbi porttitor lorem id ligula suspendisse ornare consequat lectus in est risus auctor', '2023-06-13', 3, 3, 10),
(900, 'pede posuere nonummy integer', 'donec dapibus duis at velit eu est congue elementum in', '2023-07-31', 5, 2, 10),
(901, 'in hac habitasse', 'et ultrices posuere cubilia curae duis faucibus accumsan odio curabitur convallis duis consequat dui nec', '2023-01-12', 4, 4, 7),
(902, 'at lorem integer', 'interdum mauris non ligula pellentesque ultrices phasellus id sapien in sapien iaculis congue vivamus', '2023-05-28', 8, 2, 11),
(903, 'ante vestibulum', 'a pede posuere nonummy integer non velit donec diam neque vestibulum eget vulputate ut ultrices vel augue vestibulum ante', '2023-06-16', 6, 2, 9),
(904, 'quisque ut erat curabitur', 'aliquet maecenas leo odio condimentum id luctus nec molestie sed justo', '2023-06-26', 7, 2, 5),
(905, 'turpis nec euismod scelerisque quam', 'blandit ultrices enim lorem ipsum dolor sit amet consectetuer adipiscing elit proin interdum mauris non ligula pellentesque ultrices phasellus id', '2023-03-29', 3, 3, 1),
(906, 'varius ut', 'nunc rhoncus dui vel sem sed sagittis nam congue risus semper porta volutpat quam pede lobortis ligula sit amet eleifend', '2023-07-08', 4, 2, 7),
(907, 'quis libero', 'libero nam dui proin leo odio porttitor id consequat in consequat ut nulla sed accumsan felis ut at', '2023-05-09', 6, 1, 11),
(908, 'imperdiet et commodo vulputate justo', 'aliquet maecenas leo odio condimentum id luctus nec molestie sed justo pellentesque viverra pede ac diam cras pellentesque volutpat', '2023-07-10', 4, 3, 5),
(909, 'at dolor quis', 'dui maecenas tristique est et tempus semper est quam pharetra magna ac consequat metus sapien ut nunc', '2023-05-24', 1, 1, 6),
(910, 'non quam', 'bibendum morbi non quam nec dui luctus rutrum nulla tellus in sagittis dui vel', '2023-02-17', 5, 4, 1),
(911, 'maecenas leo odio condimentum', 'venenatis non sodales sed tincidunt eu felis fusce posuere felis sed lacus', '2023-07-31', 4, 2, 2),
(912, 'suspendisse potenti in', 'ut rhoncus aliquet pulvinar sed nisl nunc rhoncus dui vel sem sed sagittis nam', '2023-02-09', 6, 2, 2),
(913, 'tristique in tempus', 'erat tortor sollicitudin mi sit amet lobortis sapien sapien non mi integer ac neque duis bibendum', '2023-03-26', 7, 2, 1),
(914, 'ut dolor morbi', 'eu mi nulla ac enim in tempor turpis nec euismod scelerisque quam turpis', '2023-04-20', 5, 2, 3),
(915, 'habitasse platea dictumst morbi vestibulum', 'nisi eu orci mauris lacinia sapien quis libero nullam sit amet turpis elementum ligula vehicula consequat morbi a ipsum', '2023-02-15', 8, 3, 7),
(916, 'penatibus et magnis dis', 'sed augue aliquam erat volutpat in congue etiam justo etiam pretium iaculis justo in hac', '2023-04-04', 1, 1, 3),
(917, 'venenatis turpis', 'est donec odio justo sollicitudin ut suscipit a feugiat et eros', '2023-06-15', 7, 3, 5),
(918, 'erat nulla tempus', 'congue risus semper porta volutpat quam pede lobortis ligula sit', '2023-05-29', 1, 3, 3),
(919, 'arcu sed', 'a feugiat et eros vestibulum ac est lacinia nisi venenatis tristique fusce congue diam id ornare imperdiet', '2023-02-26', 3, 2, 8),
(920, 'ullamcorper augue a', 'curae nulla dapibus dolor vel est donec odio justo sollicitudin ut suscipit a feugiat et eros vestibulum ac', '2023-05-04', 1, 4, 2),
(921, 'ultrices posuere cubilia', 'nec sem duis aliquam convallis nunc proin at turpis a pede posuere nonummy', '2023-01-26', 6, 3, 2),
(922, 'viverra pede ac diam cras', 'primis in faucibus orci luctus et ultrices posuere cubilia curae duis faucibus accumsan odio curabitur convallis duis consequat dui nec', '2023-01-14', 3, 1, 9),
(923, 'tincidunt in leo maecenas', 'vulputate justo in blandit ultrices enim lorem ipsum dolor sit amet consectetuer adipiscing elit proin', '2023-04-25', 8, 2, 1),
(924, 'faucibus orci luctus et', 'id ornare imperdiet sapien urna pretium nisl ut volutpat sapien arcu sed augue aliquam erat volutpat in', '2023-06-06', 2, 2, 11),
(925, 'eget tincidunt eget tempus vel', 'nullam molestie nibh in lectus pellentesque at nulla suspendisse potenti cras in purus eu magna vulputate luctus cum', '2023-07-15', 2, 4, 9),
(926, 'morbi vestibulum velit', 'in faucibus orci luctus et ultrices posuere cubilia curae mauris viverra diam vitae quam suspendisse potenti nullam', '2023-07-19', 7, 1, 6),
(927, 'vestibulum sed magna at', 'imperdiet sapien urna pretium nisl ut volutpat sapien arcu sed', '2023-03-20', 2, 4, 11),
(928, 'tellus in sagittis', 'nibh in quis justo maecenas rhoncus aliquam lacus morbi quis tortor id nulla ultrices aliquet maecenas leo odio condimentum', '2023-05-27', 7, 1, 3),
(929, 'vestibulum ac est lacinia nisi', 'libero ut massa volutpat convallis morbi odio odio elementum eu interdum eu tincidunt', '2023-03-21', 4, 2, 9),
(930, 'lacinia nisi venenatis', 'sapien dignissim vestibulum vestibulum ante ipsum primis in faucibus orci luctus et ultrices posuere', '2023-05-08', 6, 2, 9),
(931, 'faucibus orci luctus et ultrices', 'pulvinar nulla pede ullamcorper augue a suscipit nulla elit ac nulla sed vel enim sit amet nunc', '2023-07-03', 2, 1, 10),
(932, 'sapien ut nunc vestibulum', 'lorem vitae mattis nibh ligula nec sem duis aliquam convallis nunc proin at turpis a pede posuere nonummy', '2023-03-11', 3, 3, 5),
(933, 'aliquam lacus morbi', 'vel augue vestibulum rutrum rutrum neque aenean auctor gravida sem praesent id massa id nisl', '2023-02-24', 3, 1, 7),
(934, 'in eleifend quam a odio', 'posuere metus vitae ipsum aliquam non mauris morbi non lectus aliquam sit amet diam', '2023-01-24', 7, 1, 3),
(935, 'nec molestie', 'non mauris morbi non lectus aliquam sit amet diam in magna bibendum imperdiet nullam orci', '2023-02-14', 4, 4, 2),
(936, 'adipiscing lorem', 'habitasse platea dictumst etiam faucibus cursus urna ut tellus nulla ut erat id mauris vulputate elementum nullam varius nulla', '2023-07-04', 6, 3, 11),
(937, 'turpis elementum ligula', 'eu sapien cursus vestibulum proin eu mi nulla ac enim in tempor turpis nec', '2023-02-11', 4, 3, 6),
(938, 'mi nulla ac enim in', 'lorem ipsum dolor sit amet consectetuer adipiscing elit proin risus praesent lectus vestibulum quam sapien varius ut blandit non interdum', '2023-03-24', 6, 1, 1),
(939, 'congue risus semper', 'posuere cubilia curae donec pharetra magna vestibulum aliquet ultrices erat tortor', '2023-06-23', 6, 4, 11),
(940, 'proin eu mi nulla ac', 'volutpat dui maecenas tristique est et tempus semper est quam pharetra magna ac consequat metus sapien ut', '2023-07-14', 8, 1, 3),
(941, 'mattis odio donec', 'tortor duis mattis egestas metus aenean fermentum donec ut mauris eget massa tempor convallis nulla neque libero convallis eget', '2023-05-11', 1, 1, 7),
(942, 'semper sapien a', 'quam sapien varius ut blandit non interdum in ante vestibulum ante ipsum primis in faucibus orci luctus et', '2023-04-28', 5, 4, 10),
(943, 'at velit eu est congue', 'id sapien in sapien iaculis congue vivamus metus arcu adipiscing molestie hendrerit', '2023-05-21', 1, 4, 6),
(944, 'commodo vulputate justo in', 'ut blandit non interdum in ante vestibulum ante ipsum primis in faucibus orci luctus et ultrices posuere cubilia', '2023-02-11', 3, 4, 10),
(945, 'justo in', 'arcu sed augue aliquam erat volutpat in congue etiam justo etiam pretium iaculis justo in hac habitasse platea dictumst etiam', '2023-06-24', 8, 1, 9),
(946, 'justo maecenas rhoncus aliquam lacus', 'pede justo eu massa donec dapibus duis at velit eu est congue elementum', '2023-07-28', 1, 3, 5),
(947, 'amet sapien dignissim vestibulum vestibulum', 'maecenas ut massa quis augue luctus tincidunt nulla mollis molestie lorem quisque ut erat curabitur gravida nisi at nibh', '2023-03-25', 1, 3, 9),
(948, 'id nisl venenatis lacinia', 'justo maecenas rhoncus aliquam lacus morbi quis tortor id nulla ultrices aliquet maecenas leo odio condimentum id luctus nec', '2023-01-18', 4, 2, 9),
(949, 'dolor quis', 'consectetuer adipiscing elit proin risus praesent lectus vestibulum quam sapien varius ut blandit non interdum in', '2023-06-10', 1, 2, 7),
(950, 'nibh quisque id', 'dui proin leo odio porttitor id consequat in consequat ut nulla sed accumsan felis ut at dolor quis odio', '2023-02-17', 1, 1, 7),
(951, 'at ipsum ac tellus semper', 'velit nec nisi vulputate nonummy maecenas tincidunt lacus at velit vivamus', '2023-06-26', 7, 1, 7),
(952, 'pellentesque ultrices phasellus', 'a feugiat et eros vestibulum ac est lacinia nisi venenatis tristique fusce congue diam id ornare', '2023-02-27', 6, 1, 3),
(953, 'nullam orci pede venenatis non', 'luctus nec molestie sed justo pellentesque viverra pede ac diam', '2023-02-18', 1, 1, 7),
(954, 'nulla neque libero convallis eget', 'ut dolor morbi vel lectus in quam fringilla rhoncus mauris enim leo rhoncus sed vestibulum sit amet cursus id turpis', '2023-04-16', 2, 1, 9),
(955, 'varius integer ac', 'faucibus orci luctus et ultrices posuere cubilia curae mauris viverra diam vitae quam suspendisse potenti nullam', '2023-02-26', 6, 1, 1),
(956, 'ac diam cras pellentesque', 'viverra diam vitae quam suspendisse potenti nullam porttitor lacus at turpis donec posuere', '2023-07-29', 4, 2, 6),
(957, 'magna at nunc commodo placerat', 'phasellus in felis donec semper sapien a libero nam dui', '2023-02-06', 8, 3, 1),
(958, 'lorem id ligula suspendisse ornare', 'adipiscing lorem vitae mattis nibh ligula nec sem duis aliquam convallis nunc proin at turpis a pede', '2023-01-11', 6, 2, 7),
(959, 'in hac', 'nam congue risus semper porta volutpat quam pede lobortis ligula sit amet eleifend pede', '2023-07-26', 3, 3, 10),
(960, 'ac nulla', 'natoque penatibus et magnis dis parturient montes nascetur ridiculus mus vivamus vestibulum sagittis sapien cum sociis natoque penatibus et magnis', '2023-02-26', 6, 3, 4),
(961, 'molestie hendrerit at', 'cursus id turpis integer aliquet massa id lobortis convallis tortor risus dapibus', '2023-03-30', 6, 2, 7),
(962, 'mauris eget massa tempor', 'tempus sit amet sem fusce consequat nulla nisl nunc nisl duis bibendum felis sed interdum venenatis turpis', '2023-06-13', 7, 2, 5),
(963, 'luctus nec molestie sed', 'nullam orci pede venenatis non sodales sed tincidunt eu felis fusce posuere felis sed lacus morbi sem mauris laoreet ut', '2023-01-02', 4, 4, 4),
(964, 'magna at', 'congue risus semper porta volutpat quam pede lobortis ligula sit amet eleifend pede libero quis orci nullam molestie', '2023-02-13', 7, 2, 4),
(965, 'tristique in tempus sit amet', 'in lacus curabitur at ipsum ac tellus semper interdum mauris ullamcorper purus sit amet nulla', '2023-05-17', 6, 2, 3),
(966, 'lacus at velit', 'nulla suscipit ligula in lacus curabitur at ipsum ac tellus semper interdum mauris ullamcorper purus sit amet nulla quisque', '2023-01-20', 4, 4, 2),
(967, 'justo aliquam quis turpis', 'eget eros elementum pellentesque quisque porta volutpat erat quisque erat eros viverra eget congue eget semper rutrum nulla', '2023-03-10', 2, 4, 3),
(968, 'hac habitasse platea dictumst', 'velit id pretium iaculis diam erat fermentum justo nec condimentum neque sapien placerat ante nulla', '2023-05-06', 7, 4, 8),
(969, 'id turpis integer aliquet massa', 'in faucibus orci luctus et ultrices posuere cubilia curae duis faucibus accumsan odio curabitur', '2023-02-23', 1, 3, 8),
(970, 'volutpat eleifend donec ut dolor', 'diam vitae quam suspendisse potenti nullam porttitor lacus at turpis donec posuere metus', '2023-03-05', 7, 3, 6),
(971, 'pellentesque eget nunc', 'vel augue vestibulum rutrum rutrum neque aenean auctor gravida sem praesent id', '2023-03-21', 1, 3, 6),
(972, 'vel accumsan tellus', 'sit amet justo morbi ut odio cras mi pede malesuada in imperdiet et commodo vulputate justo in', '2023-03-11', 1, 3, 2),
(973, 'maecenas leo odio', 'ut volutpat sapien arcu sed augue aliquam erat volutpat in congue etiam', '2023-01-02', 3, 2, 11),
(974, 'viverra eget', 'vel nisl duis ac nibh fusce lacus purus aliquet at feugiat non pretium quis', '2023-01-31', 1, 3, 8),
(975, 'eu sapien cursus', 'nisi venenatis tristique fusce congue diam id ornare imperdiet sapien urna pretium', '2023-04-26', 8, 3, 4),
(976, 'tempus vivamus in felis eu', 'lorem ipsum dolor sit amet consectetuer adipiscing elit proin interdum mauris non ligula pellentesque ultrices phasellus', '2023-06-11', 5, 4, 5),
(977, 'ac enim in tempor', 'parturient montes nascetur ridiculus mus etiam vel augue vestibulum rutrum rutrum neque aenean auctor gravida sem praesent id massa id', '2023-03-27', 1, 3, 4),
(978, 'velit id pretium iaculis diam', 'morbi porttitor lorem id ligula suspendisse ornare consequat lectus in est risus auctor sed tristique in tempus', '2023-05-28', 4, 3, 1),
(979, 'tristique tortor eu pede', 'dolor quis odio consequat varius integer ac leo pellentesque ultrices mattis', '2023-01-28', 7, 3, 9),
(980, 'ipsum ac tellus semper', 'sapien iaculis congue vivamus metus arcu adipiscing molestie hendrerit at vulputate vitae nisl', '2023-01-20', 8, 1, 2),
(981, 'ut tellus nulla', 'gravida nisi at nibh in hac habitasse platea dictumst aliquam augue quam sollicitudin vitae', '2023-01-27', 8, 2, 6),
(982, 'venenatis non sodales sed tincidunt', 'ante ipsum primis in faucibus orci luctus et ultrices posuere cubilia curae donec pharetra magna', '2023-05-16', 7, 3, 2),
(983, 'ut nulla sed', 'in blandit ultrices enim lorem ipsum dolor sit amet consectetuer adipiscing', '2023-06-06', 3, 1, 3),
(984, 'urna ut tellus nulla', 'penatibus et magnis dis parturient montes nascetur ridiculus mus vivamus vestibulum sagittis sapien cum sociis natoque penatibus et', '2023-03-05', 1, 4, 6),
(985, 'nulla ultrices aliquet maecenas', 'viverra eget congue eget semper rutrum nulla nunc purus phasellus in felis donec semper', '2023-07-26', 6, 2, 5),
(986, 'ut rhoncus aliquet pulvinar sed', 'turpis enim blandit mi in porttitor pede justo eu massa donec dapibus duis at velit eu', '2023-02-15', 2, 2, 1),
(987, 'eleifend pede', 'pede ac diam cras pellentesque volutpat dui maecenas tristique est et tempus semper est quam pharetra magna', '2023-05-29', 6, 1, 4),
(988, 'consequat varius integer ac', 'posuere cubilia curae nulla dapibus dolor vel est donec odio justo sollicitudin ut suscipit a', '2023-01-21', 2, 2, 8),
(989, 'eget eros', 'neque sapien placerat ante nulla justo aliquam quis turpis eget elit sodales scelerisque', '2023-01-02', 2, 1, 4),
(990, 'tempus vel pede morbi porttitor', 'mauris laoreet ut rhoncus aliquet pulvinar sed nisl nunc rhoncus', '2023-02-24', 4, 4, 10),
(991, 'cum sociis natoque', 'elementum nullam varius nulla facilisi cras non velit nec nisi vulputate nonummy maecenas', '2023-06-29', 2, 1, 3),
(992, 'ligula vehicula consequat', 'lobortis convallis tortor risus dapibus augue vel accumsan tellus nisi eu', '2023-05-11', 4, 3, 6),
(993, 'nibh in hac habitasse', 'in faucibus orci luctus et ultrices posuere cubilia curae nulla dapibus dolor vel est donec odio', '2023-05-05', 3, 3, 1),
(994, 'consectetuer adipiscing elit proin', 'in leo maecenas pulvinar lobortis est phasellus sit amet erat nulla tempus', '2023-03-14', 1, 2, 6),
(995, 'tellus semper', 'orci nullam molestie nibh in lectus pellentesque at nulla suspendisse', '2023-02-19', 5, 1, 6),
(996, 'at dolor quis', 'non mattis pulvinar nulla pede ullamcorper augue a suscipit nulla elit ac nulla sed vel enim sit amet nunc viverra', '2023-01-02', 7, 3, 2),
(997, 'ut nunc vestibulum', 'ut massa quis augue luctus tincidunt nulla mollis molestie lorem', '2023-04-10', 8, 4, 4),
(998, 'id justo sit amet', 'quam nec dui luctus rutrum nulla tellus in sagittis dui vel nisl', '2023-05-07', 8, 4, 6),
(999, 'posuere felis sed', 'in magna bibendum imperdiet nullam orci pede venenatis non sodales sed tincidunt eu felis', '2023-02-26', 7, 1, 3),
(1000, 'mi nulla ac enim in', 'justo pellentesque viverra pede ac diam cras pellentesque volutpat dui maecenas tristique est et tempus semper est', '2023-07-25', 7, 3, 7);

INSERT INTO Tipo_turnos (id_tipo_turno, turno)
VALUES 
(1, 'mañana'),
(2, 'tarde'),
(3, 'noche'),
(4, 'intermedio');

INSERT INTO Turnos (id_turno, fecha_turno, id_tipo_turno, id_novedad, id_tecnico) 
VALUES 
(1, '2023-01-27', 4, 979, 5),
(2, '2023-07-03', 2, 689, 6),
(3, '2023-01-12', 3, 721, 1),
(4, '2023-02-11', 2, 177, 4),
(5, '2023-04-26', 1, 696, 5),
(6, '2023-04-02', 1, 780, 11),
(7, '2023-06-21', 3, 543, 7),
(8, '2023-01-25', 4, 67, 2),
(9, '2023-05-12', 3, 778, 7),
(10, '2023-02-21', 2, 619, 5),
(11, '2023-07-16', 4, 433, 5),
(12, '2023-04-17', 3, 171, 8),
(13, '2023-06-14', 4, 557, 9),
(14, '2023-05-19', 2, 45, 3),
(15, '2023-04-14', 3, 905, 4),
(16, '2023-01-25', 3, 853, 11),
(17, '2023-05-16', 2, 157, 7),
(18, '2023-05-30', 1, 396, 7),
(19, '2023-06-15', 1, 712, 2),
(20, '2023-07-01', 1, 565, 6),
(21, '2023-02-11', 1, 43, 8),
(22, '2023-04-20', 1, 366, 3),
(23, '2023-01-26', 1, 774, 6),
(24, '2023-01-13', 1, 966, 4),
(25, '2023-03-28', 1, 543, 2),
(26, '2023-03-16', 1, 223, 8),
(27, '2023-03-04', 2, 429, 4),
(28, '2023-02-27', 4, 778, 1),
(29, '2023-03-19', 3, 417, 1),
(30, '2023-03-22', 1, 104, 5),
(31, '2023-05-01', 3, 497, 5),
(32, '2023-06-19', 2, 136, 11),
(33, '2023-02-17', 2, 525, 11),
(34, '2023-04-23', 4, 498, 8),
(35, '2023-03-24', 2, 818, 10),
(36, '2023-03-12', 1, 883, 4),
(37, '2023-01-31', 2, 719, 4),
(38, '2023-05-01', 1, 465, 10),
(39, '2023-02-26', 2, 633, 10),
(40, '2023-05-02', 3, 975, 7),
(41, '2023-05-03', 3, 77, 6),
(42, '2023-01-12', 4, 877, 3),
(43, '2023-02-23', 3, 715, 6),
(44, '2023-03-16', 3, 282, 5),
(45, '2023-04-27', 4, 274, 9),
(46, '2023-02-08', 1, 524, 11),
(47, '2023-02-13', 1, 45, 1),
(48, '2023-06-06', 3, 795, 9),
(49, '2023-03-20', 4, 324, 11),
(50, '2023-06-29', 1, 454, 1),
(51, '2023-02-02', 1, 39, 8),
(52, '2023-02-18', 4, 977, 7),
(53, '2023-07-15', 1, 730, 5),
(54, '2023-07-09', 1, 553, 10),
(55, '2023-06-01', 4, 633, 2),
(56, '2023-06-09', 1, 539, 1),
(57, '2023-03-10', 4, 693, 4),
(58, '2023-06-01', 2, 653, 3),
(59, '2023-01-26', 3, 650, 7),
(60, '2023-02-02', 1, 245, 8),
(61, '2023-01-25', 2, 155, 6),
(62, '2023-04-18', 2, 535, 4),
(63, '2023-03-21', 2, 111, 10),
(64, '2023-01-18', 1, 822, 1),
(65, '2023-02-22', 2, 822, 11),
(66, '2023-04-27', 1, 765, 3),
(67, '2023-07-03', 1, 721, 1),
(68, '2023-01-06', 2, 929, 2),
(69, '2023-01-18', 4, 533, 10),
(70, '2023-05-11', 4, 507, 10),
(71, '2023-03-29', 2, 689, 9),
(72, '2023-04-25', 4, 378, 7),
(73, '2023-05-23', 1, 562, 7),
(74, '2023-06-17', 1, 95, 5),
(75, '2023-05-19', 1, 760, 10),
(76, '2023-01-11', 1, 866, 3),
(77, '2023-05-30', 2, 173, 3),
(78, '2023-06-15', 2, 86, 5),
(79, '2023-07-11', 3, 444, 5),
(80, '2023-06-22', 1, 833, 1),
(81, '2023-04-05', 3, 713, 7),
(82, '2023-07-01', 4, 148, 9),
(83, '2023-01-20', 4, 344, 6),
(84, '2023-03-20', 3, 543, 1),
(85, '2023-05-22', 3, 796, 11),
(86, '2023-06-18', 2, 582, 2),
(87, '2023-06-24', 4, 972, 11),
(88, '2023-05-26', 2, 194, 10),
(89, '2023-01-14', 3, 374, 9),
(90, '2023-06-23', 4, 837, 10),
(91, '2023-01-25', 1, 570, 9),
(92, '2023-03-14', 1, 692, 1),
(93, '2023-07-17', 3, 158, 4),
(94, '2023-01-21', 2, 179, 2),
(95, '2023-07-04', 3, 612, 5),
(96, '2023-04-30', 2, 882, 1),
(97, '2023-03-08', 1, 756, 2),
(98, '2023-03-28', 2, 45, 2),
(99, '2023-05-05', 1, 14, 7),
(100, '2023-02-04', 4, 189, 7),
(101, '2023-02-13', 4, 680, 2),
(102, '2023-04-01', 1, 925, 4),
(103, '2023-07-13', 4, 269, 1),
(104, '2023-02-18', 3, 92, 5),
(105, '2023-05-17', 1, 377, 6),
(106, '2023-02-26', 2, 906, 2),
(107, '2023-04-20', 1, 149, 9),
(108, '2023-05-23', 2, 280, 3),
(109, '2023-03-13', 1, 136, 5),
(110, '2023-01-04', 2, 943, 5),
(111, '2023-03-21', 3, 9, 8),
(112, '2023-05-19', 4, 826, 11),
(113, '2023-03-12', 1, 120, 7),
(114, '2023-04-15', 4, 741, 5),
(115, '2023-03-04', 2, 821, 3),
(116, '2023-05-03', 3, 978, 8),
(117, '2023-04-23', 4, 501, 5),
(118, '2023-05-15', 3, 545, 1),
(119, '2023-02-17', 1, 922, 3),
(120, '2023-06-21', 1, 848, 10),
(121, '2023-01-10', 1, 930, 1),
(122, '2023-03-28', 1, 711, 1),
(123, '2023-07-18', 4, 3, 11),
(124, '2023-06-25', 3, 913, 9),
(125, '2023-01-26', 1, 922, 8),
(126, '2023-03-31', 3, 568, 2),
(127, '2023-02-15', 2, 629, 4),
(128, '2023-07-18', 2, 565, 8),
(129, '2023-01-13', 4, 753, 11),
(130, '2023-01-09', 2, 547, 11),
(131, '2023-04-26', 1, 362, 10),
(132, '2023-05-21', 3, 125, 10),
(133, '2023-05-17', 1, 752, 11),
(134, '2023-02-19', 3, 280, 10),
(135, '2023-02-12', 2, 643, 5),
(136, '2023-04-10', 2, 529, 11),
(137, '2023-07-05', 4, 573, 2),
(138, '2023-06-04', 4, 536, 3),
(139, '2023-05-25', 3, 154, 3),
(140, '2023-03-04', 3, 565, 3),
(141, '2023-03-03', 4, 800, 10),
(142, '2023-03-02', 4, 509, 7),
(143, '2023-04-14', 3, 519, 5),
(144, '2023-05-30', 1, 795, 1),
(145, '2023-05-30', 3, 381, 10),
(146, '2023-04-15', 3, 766, 11),
(147, '2023-06-10', 4, 281, 6),
(148, '2023-06-25', 4, 646, 5),
(149, '2023-01-08', 1, 481, 5),
(150, '2023-07-12', 4, 535, 10),
(151, '2023-05-26', 3, 607, 5),
(152, '2023-03-17', 2, 425, 6),
(153, '2023-07-06', 4, 512, 9),
(154, '2023-03-25', 3, 410, 2),
(155, '2023-01-07', 2, 619, 3),
(156, '2023-06-21', 1, 425, 8),
(157, '2023-02-05', 2, 100, 8),
(158, '2023-01-20', 3, 602, 8),
(159, '2023-06-09', 2, 158, 6),
(160, '2023-02-04', 3, 264, 7),
(161, '2023-01-28', 2, 904, 4),
(162, '2023-03-16', 4, 882, 7),
(163, '2023-06-05', 3, 667, 9),
(164, '2023-07-16', 1, 938, 1),
(165, '2023-06-26', 4, 106, 9),
(166, '2023-01-27', 2, 702, 6),
(167, '2023-02-16', 2, 418, 6),
(168, '2023-03-16', 1, 889, 9),
(169, '2023-01-05', 2, 681, 8),
(170, '2023-04-08', 2, 148, 10),
(171, '2023-03-04', 2, 775, 9),
(172, '2023-01-03', 4, 171, 11),
(173, '2023-01-21', 2, 187, 1),
(174, '2023-01-06', 4, 394, 3),
(175, '2023-07-14', 2, 493, 2),
(176, '2023-02-22', 4, 310, 9),
(177, '2023-05-22', 3, 860, 11),
(178, '2023-05-23', 4, 672, 8),
(179, '2023-06-18', 3, 96, 7),
(180, '2023-02-07', 3, 694, 5),
(181, '2023-05-15', 2, 976, 10),
(182, '2023-02-16', 1, 53, 10),
(183, '2023-04-27', 4, 79, 8),
(184, '2023-02-09', 3, 890, 2),
(185, '2023-01-12', 1, 941, 8),
(186, '2023-01-19', 4, 972, 2),
(187, '2023-01-29', 3, 1000, 2),
(188, '2023-01-25', 2, 410, 8),
(189, '2023-06-06', 3, 55, 4),
(190, '2023-04-26', 1, 958, 7),
(191, '2023-02-10', 4, 702, 10),
(192, '2023-07-01', 4, 494, 7),
(193, '2023-07-02', 2, 7, 8),
(194, '2023-01-25', 4, 784, 7),
(195, '2023-03-09', 2, 971, 1),
(196, '2023-02-06', 3, 267, 6),
(197, '2023-07-08', 1, 692, 5),
(198, '2023-04-18', 3, 570, 1),
(199, '2023-03-25', 3, 312, 3),
(200, '2023-01-26', 2, 763, 10),
(201, '2023-05-14', 4, 287, 6),
(202, '2023-06-10', 4, 563, 9),
(203, '2023-07-09', 2, 824, 2),
(204, '2023-06-07', 1, 959, 1),
(205, '2023-06-24', 1, 176, 9),
(206, '2023-05-31', 3, 42, 11),
(207, '2023-05-03', 4, 580, 9),
(208, '2023-04-11', 2, 548, 3),
(209, '2023-02-05', 4, 613, 11),
(210, '2023-05-21', 4, 270, 5),
(211, '2023-06-09', 1, 637, 10),
(212, '2023-05-04', 2, 810, 5),
(213, '2023-01-06', 1, 128, 3),
(214, '2023-04-11', 4, 636, 7),
(215, '2023-05-30', 1, 129, 1),
(216, '2023-02-05', 3, 488, 9),
(217, '2023-05-19', 1, 865, 4),
(218, '2023-02-25', 1, 389, 1),
(219, '2023-02-02', 4, 390, 3),
(220, '2023-03-16', 3, 632, 3),
(221, '2023-04-23', 2, 743, 9),
(222, '2023-03-04', 3, 400, 10),
(223, '2023-01-26', 3, 1, 8),
(224, '2023-01-31', 4, 175, 11),
(225, '2023-04-30', 4, 135, 10),
(226, '2023-01-07', 3, 791, 9),
(227, '2023-02-21', 4, 925, 2),
(228, '2023-04-27', 4, 261, 4),
(229, '2023-04-08', 3, 160, 3),
(230, '2023-03-23', 1, 706, 9),
(231, '2023-03-21', 3, 279, 7),
(232, '2023-05-25', 2, 213, 3),
(233, '2023-01-13', 1, 873, 9),
(234, '2023-06-02', 3, 681, 9),
(235, '2023-01-07', 4, 165, 9),
(236, '2023-04-10', 4, 494, 6),
(237, '2023-06-30', 1, 331, 1),
(238, '2023-06-21', 2, 126, 5),
(239, '2023-03-27', 4, 870, 6),
(240, '2023-05-21', 2, 635, 3),
(241, '2023-05-08', 3, 357, 5),
(242, '2023-06-18', 4, 632, 1),
(243, '2023-06-21', 3, 228, 7),
(244, '2023-06-11', 2, 793, 10),
(245, '2023-07-15', 3, 157, 6),
(246, '2023-05-01', 4, 153, 8),
(247, '2023-05-25', 1, 391, 7),
(248, '2023-02-14', 1, 587, 1),
(249, '2023-05-06', 1, 804, 2),
(250, '2023-05-30', 4, 111, 5),
(251, '2023-05-05', 2, 555, 8),
(252, '2023-04-01', 2, 838, 10),
(253, '2023-04-25', 2, 573, 10),
(254, '2023-01-12', 1, 81, 6),
(255, '2023-03-31', 3, 838, 7),
(256, '2023-06-21', 3, 586, 10),
(257, '2023-03-13', 4, 400, 8),
(258, '2023-05-25', 3, 201, 2),
(259, '2023-03-20', 3, 946, 6),
(260, '2023-05-16', 1, 765, 11),
(261, '2023-06-29', 1, 73, 2),
(262, '2023-05-05', 1, 375, 2),
(263, '2023-04-15', 4, 170, 1),
(264, '2023-04-20', 1, 323, 4),
(265, '2023-03-03', 4, 458, 1),
(266, '2023-07-16', 4, 121, 5),
(267, '2023-01-27', 4, 634, 5),
(268, '2023-03-07', 1, 898, 2),
(269, '2023-02-02', 2, 579, 10),
(270, '2023-05-27', 1, 111, 7),
(271, '2023-01-08', 4, 487, 8),
(272, '2023-03-07', 1, 148, 6),
(273, '2023-01-05', 3, 347, 3),
(274, '2023-01-16', 3, 456, 5),
(275, '2023-03-18', 2, 253, 11),
(276, '2023-01-31', 1, 45, 9),
(277, '2023-03-13', 3, 66, 2),
(278, '2023-07-12', 2, 879, 1),
(279, '2023-06-30', 3, 299, 11),
(280, '2023-02-21', 1, 629, 5),
(281, '2023-06-08', 3, 807, 11),
(282, '2023-03-04', 3, 668, 4),
(283, '2023-03-01', 4, 598, 3),
(284, '2023-06-29', 2, 592, 7),
(285, '2023-03-29', 3, 519, 5),
(286, '2023-01-02', 2, 283, 8),
(287, '2023-04-19', 2, 634, 5),
(288, '2023-01-07', 4, 712, 11),
(289, '2023-05-30', 4, 282, 9),
(290, '2023-04-02', 4, 284, 7),
(291, '2023-03-09', 2, 369, 10),
(292, '2023-04-30', 3, 785, 2),
(293, '2023-07-16', 3, 851, 2),
(294, '2023-05-30', 1, 733, 11),
(295, '2023-06-04', 3, 27, 3),
(296, '2023-03-18', 4, 639, 7),
(297, '2023-01-17', 1, 867, 1),
(298, '2023-06-08', 3, 151, 4),
(299, '2023-01-01', 2, 3, 7),
(300, '2023-01-31', 2, 151, 3),
(301, '2023-03-14', 4, 670, 7),
(302, '2023-02-10', 2, 340, 8),
(303, '2023-04-03', 1, 632, 10),
(304, '2023-02-28', 4, 139, 6),
(305, '2023-06-18', 3, 584, 10),
(306, '2023-01-24', 2, 787, 6),
(307, '2023-05-10', 2, 81, 5),
(308, '2023-07-01', 2, 982, 6),
(309, '2023-06-11', 2, 560, 4),
(310, '2023-02-20', 3, 392, 3),
(311, '2023-02-12', 3, 42, 1),
(312, '2023-02-28', 2, 761, 2),
(313, '2023-01-10', 2, 420, 2),
(314, '2023-05-17', 4, 915, 11),
(315, '2023-04-29', 1, 557, 3),
(316, '2023-01-10', 2, 983, 2),
(317, '2023-07-16', 4, 611, 7),
(318, '2023-01-26', 1, 744, 3),
(319, '2023-03-28', 2, 447, 5),
(320, '2023-02-13', 3, 760, 6),
(321, '2023-06-13', 4, 445, 9),
(322, '2023-03-15', 2, 58, 4),
(323, '2023-01-03', 1, 73, 3),
(324, '2023-02-08', 2, 821, 5),
(325, '2023-04-12', 2, 431, 3),
(326, '2023-01-15', 4, 821, 1),
(327, '2023-07-16', 1, 903, 1),
(328, '2023-07-06', 3, 644, 4),
(329, '2023-03-12', 4, 999, 1),
(330, '2023-06-19', 3, 532, 1),
(331, '2023-05-19', 4, 746, 2),
(332, '2023-01-31', 4, 873, 3),
(333, '2023-05-01', 2, 594, 10),
(334, '2023-06-02', 4, 82, 7),
(335, '2023-06-26', 3, 337, 6),
(336, '2023-06-07', 2, 637, 11),
(337, '2023-02-12', 2, 402, 6),
(338, '2023-05-12', 4, 104, 4),
(339, '2023-06-20', 2, 892, 5),
(340, '2023-04-18', 4, 858, 7),
(341, '2023-01-01', 4, 541, 8),
(342, '2023-05-28', 4, 823, 6),
(343, '2023-02-20', 4, 44, 3),
(344, '2023-03-27', 4, 818, 1),
(345, '2023-06-24', 3, 417, 8),
(346, '2023-07-14', 2, 614, 5),
(347, '2023-06-20', 4, 600, 7),
(348, '2023-03-01', 3, 426, 11),
(349, '2023-04-04', 4, 426, 5),
(350, '2023-03-17', 4, 36, 3),
(351, '2023-02-16', 1, 304, 2),
(352, '2023-01-24', 4, 722, 11),
(353, '2023-01-03', 4, 401, 3),
(354, '2023-02-02', 3, 379, 9),
(355, '2023-05-14', 1, 852, 2),
(356, '2023-02-08', 2, 651, 10),
(357, '2023-05-14', 2, 296, 5),
(358, '2023-07-11', 3, 642, 8),
(359, '2023-07-12', 3, 965, 5),
(360, '2023-06-14', 1, 620, 2),
(361, '2023-02-26', 1, 328, 4),
(362, '2023-04-30', 1, 730, 6),
(363, '2023-02-08', 4, 459, 10),
(364, '2023-03-27', 3, 174, 4),
(365, '2023-01-27', 3, 648, 4),
(366, '2023-03-05', 1, 969, 8),
(367, '2023-03-14', 3, 378, 10),
(368, '2023-06-09', 4, 740, 5),
(369, '2023-07-10', 2, 385, 10),
(370, '2023-04-20', 3, 890, 5),
(371, '2023-02-20', 1, 239, 1),
(372, '2023-01-18', 4, 841, 2),
(373, '2023-01-03', 3, 474, 3),
(374, '2023-07-16', 3, 835, 1),
(375, '2023-04-15', 2, 187, 8),
(376, '2023-01-27', 1, 661, 1),
(377, '2023-02-20', 4, 580, 1),
(378, '2023-02-26', 1, 843, 2),
(379, '2023-05-20', 2, 547, 11),
(380, '2023-07-01', 2, 841, 5),
(381, '2023-04-16', 4, 548, 1),
(382, '2023-06-08', 2, 916, 8),
(383, '2023-02-21', 1, 264, 8),
(384, '2023-06-15', 2, 333, 4),
(385, '2023-03-28', 1, 828, 5),
(386, '2023-02-20', 4, 113, 10),
(387, '2023-01-26', 3, 807, 3),
(388, '2023-01-30', 2, 939, 7),
(389, '2023-02-08', 3, 349, 3),
(390, '2023-03-31', 1, 721, 10),
(391, '2023-06-17', 3, 68, 8),
(392, '2023-05-16', 2, 326, 1),
(393, '2023-06-11', 2, 132, 10),
(394, '2023-03-02', 3, 72, 8),
(395, '2023-05-11', 2, 801, 1),
(396, '2023-03-05', 2, 32, 7),
(397, '2023-07-07', 4, 475, 1),
(398, '2023-05-16', 3, 721, 1),
(399, '2023-05-15', 4, 251, 9),
(400, '2023-05-05', 3, 817, 3),
(401, '2023-04-01', 2, 391, 8),
(402, '2023-04-13', 4, 993, 11),
(403, '2023-06-16', 1, 897, 7),
(404, '2023-02-19', 3, 674, 7),
(405, '2023-05-25', 4, 658, 7),
(406, '2023-06-09', 3, 526, 2),
(407, '2023-01-26', 2, 695, 11),
(408, '2023-04-19', 4, 511, 8),
(409, '2023-01-28', 3, 287, 11),
(410, '2023-03-31', 2, 740, 11),
(411, '2023-01-20', 1, 830, 1),
(412, '2023-05-21', 4, 281, 8),
(413, '2023-04-08', 4, 819, 1),
(414, '2023-04-22', 3, 645, 8),
(415, '2023-01-29', 3, 560, 2),
(416, '2023-05-17', 4, 93, 6),
(417, '2023-07-05', 2, 857, 7),
(418, '2023-04-29', 3, 16, 4),
(419, '2023-06-04', 2, 906, 5),
(420, '2023-07-08', 3, 165, 3),
(421, '2023-04-15', 1, 774, 9),
(422, '2023-02-24', 4, 196, 11),
(423, '2023-03-18', 2, 188, 9),
(424, '2023-05-30', 4, 211, 9),
(425, '2023-05-20', 4, 719, 9),
(426, '2023-05-26', 4, 473, 8),
(427, '2023-04-27', 4, 610, 10),
(428, '2023-03-06', 3, 789, 6),
(429, '2023-02-20', 3, 158, 7),
(430, '2023-06-14', 4, 729, 7),
(431, '2023-06-19', 4, 227, 8),
(432, '2023-01-31', 1, 941, 11),
(433, '2023-06-16', 1, 283, 7),
(434, '2023-05-19', 4, 649, 10),
(435, '2023-01-17', 4, 941, 2),
(436, '2023-06-20', 4, 725, 11),
(437, '2023-01-11', 3, 825, 8),
(438, '2023-01-09', 2, 575, 8),
(439, '2023-04-03', 4, 740, 2),
(440, '2023-03-16', 1, 75, 2),
(441, '2023-03-09', 1, 818, 2),
(442, '2023-06-07', 2, 294, 5),
(443, '2023-07-18', 2, 320, 5),
(444, '2023-07-03', 3, 844, 6),
(445, '2023-04-10', 4, 160, 7),
(446, '2023-05-20', 2, 307, 10),
(447, '2023-05-03', 2, 182, 2),
(448, '2023-04-11', 1, 436, 8),
(449, '2023-06-27', 2, 130, 3),
(450, '2023-02-18', 4, 884, 6),
(451, '2023-07-13', 3, 366, 4),
(452, '2023-07-14', 1, 775, 1),
(453, '2023-05-29', 3, 323, 11),
(454, '2023-04-16', 4, 767, 6),
(455, '2023-02-10', 2, 173, 7),
(456, '2023-01-08', 4, 850, 3),
(457, '2023-01-30', 4, 626, 2),
(458, '2023-05-06', 1, 311, 7),
(459, '2023-02-03', 1, 748, 6),
(460, '2023-03-21', 3, 743, 5),
(461, '2023-06-09', 3, 458, 3),
(462, '2023-07-02', 3, 885, 10),
(463, '2023-05-13', 4, 859, 1),
(464, '2023-07-05', 3, 486, 11),
(465, '2023-05-03', 3, 352, 2),
(466, '2023-01-14', 4, 333, 8),
(467, '2023-01-25', 3, 176, 5),
(468, '2023-01-30', 1, 958, 8),
(469, '2023-01-14', 1, 694, 9),
(470, '2023-02-17', 3, 215, 1),
(471, '2023-01-26', 1, 849, 1),
(472, '2023-06-09', 2, 571, 8),
(473, '2023-02-13', 3, 459, 2),
(474, '2023-06-24', 2, 232, 1),
(475, '2023-03-24', 2, 848, 4),
(476, '2023-04-12', 1, 880, 4),
(477, '2023-02-03', 1, 211, 10),
(478, '2023-01-25', 4, 945, 7),
(479, '2023-03-08', 3, 353, 11),
(480, '2023-01-03', 2, 460, 5),
(481, '2023-03-27', 3, 736, 8),
(482, '2023-02-15', 3, 120, 8),
(483, '2023-05-31', 2, 352, 9),
(484, '2023-06-18', 1, 207, 2),
(485, '2023-03-22', 4, 907, 8),
(486, '2023-06-02', 4, 84, 4),
(487, '2023-07-10', 3, 372, 6),
(488, '2023-07-09', 1, 374, 2),
(489, '2023-02-17', 1, 700, 1),
(490, '2023-05-26', 2, 687, 8),
(491, '2023-04-08', 1, 60, 11),
(492, '2023-01-07', 4, 84, 3),
(493, '2023-05-25', 1, 952, 7),
(494, '2023-04-27', 1, 830, 8),
(495, '2023-01-03', 4, 849, 11),
(496, '2023-01-26', 1, 19, 8),
(497, '2023-03-01', 3, 523, 7),
(498, '2023-05-11', 4, 71, 5),
(499, '2023-01-31', 4, 859, 8),
(500, '2023-04-16', 3, 652, 1),
(501, '2023-03-27', 4, 871, 9),
(502, '2023-01-01', 3, 27, 10),
(503, '2023-07-04', 1, 739, 9),
(504, '2023-03-19', 2, 376, 6),
(505, '2023-05-07', 1, 770, 3),
(506, '2023-03-08', 4, 80, 9),
(507, '2023-04-29', 2, 571, 4),
(508, '2023-03-13', 4, 264, 5),
(509, '2023-05-08', 1, 987, 10),
(510, '2023-06-05', 2, 126, 3),
(511, '2023-07-16', 4, 675, 10),
(512, '2023-03-17', 2, 754, 11),
(513, '2023-01-21', 2, 69, 8),
(514, '2023-05-14', 2, 209, 1),
(515, '2023-01-14', 1, 228, 2),
(516, '2023-06-26', 2, 870, 11),
(517, '2023-03-19', 4, 728, 8),
(518, '2023-04-15', 1, 144, 6),
(519, '2023-05-10', 2, 432, 4),
(520, '2023-04-14', 2, 897, 11),
(521, '2023-06-16', 4, 373, 1),
(522, '2023-03-27', 1, 433, 5),
(523, '2023-06-12', 3, 881, 8),
(524, '2023-03-06', 4, 211, 1),
(525, '2023-04-17', 4, 865, 1),
(526, '2023-04-12', 2, 292, 5),
(527, '2023-05-23', 1, 510, 4),
(528, '2023-02-20', 1, 756, 8),
(529, '2023-06-14', 3, 505, 9),
(530, '2023-04-29', 1, 318, 5),
(531, '2023-04-07', 2, 265, 4),
(532, '2023-07-08', 4, 614, 4),
(533, '2023-02-06', 4, 374, 9),
(534, '2023-07-10', 1, 44, 8),
(535, '2023-06-09', 3, 25, 2),
(536, '2023-01-21', 1, 128, 9),
(537, '2023-06-10', 4, 35, 1),
(538, '2023-01-29', 4, 379, 5),
(539, '2023-01-07', 2, 426, 11),
(540, '2023-04-12', 2, 539, 6),
(541, '2023-01-20', 2, 202, 11),
(542, '2023-01-22', 4, 25, 4),
(543, '2023-04-03', 3, 916, 7),
(544, '2023-03-08', 4, 48, 4),
(545, '2023-02-25', 4, 310, 8),
(546, '2023-06-18', 4, 18, 7),
(547, '2023-04-11', 3, 65, 6),
(548, '2023-03-05', 4, 261, 11),
(549, '2023-05-19', 3, 679, 5),
(550, '2023-02-12', 3, 623, 7),
(551, '2023-06-30', 1, 99, 11),
(552, '2023-04-03', 3, 538, 3),
(553, '2023-02-12', 1, 156, 8),
(554, '2023-07-04', 3, 281, 3),
(555, '2023-04-28', 2, 445, 10),
(556, '2023-01-07', 3, 647, 8),
(557, '2023-06-29', 1, 500, 9),
(558, '2023-04-15', 2, 527, 9),
(559, '2023-04-15', 1, 812, 9),
(560, '2023-03-06', 3, 193, 4),
(561, '2023-01-30', 1, 969, 3),
(562, '2023-07-04', 3, 474, 11),
(563, '2023-03-09', 1, 496, 1),
(564, '2023-01-21', 2, 720, 8),
(565, '2023-02-16', 2, 547, 2),
(566, '2023-01-01', 4, 916, 10),
(567, '2023-05-11', 4, 311, 6),
(568, '2023-02-03', 1, 673, 7),
(569, '2023-05-24', 1, 330, 8),
(570, '2023-01-13', 4, 70, 5),
(571, '2023-01-18', 1, 885, 1),
(572, '2023-02-02', 3, 45, 7),
(573, '2023-05-13', 2, 854, 9),
(574, '2023-03-24', 4, 139, 10),
(575, '2023-01-02', 1, 87, 6),
(576, '2023-01-30', 2, 170, 1),
(577, '2023-01-02', 4, 806, 6),
(578, '2023-01-17', 3, 225, 3),
(579, '2023-01-08', 4, 949, 3),
(580, '2023-07-08', 2, 938, 9),
(581, '2023-06-07', 1, 479, 11),
(582, '2023-04-16', 3, 973, 1),
(583, '2023-04-02', 4, 506, 4),
(584, '2023-01-16', 4, 45, 6),
(585, '2023-05-06', 3, 630, 5),
(586, '2023-02-08', 4, 373, 6),
(587, '2023-03-07', 2, 343, 6),
(588, '2023-05-12', 3, 115, 9),
(589, '2023-03-06', 3, 122, 6),
(590, '2023-02-06', 1, 754, 10),
(591, '2023-06-19', 2, 901, 1),
(592, '2023-06-25', 4, 513, 8),
(593, '2023-07-03', 3, 785, 1),
(594, '2023-02-25', 1, 421, 1),
(595, '2023-04-01', 3, 635, 2),
(596, '2023-04-25', 1, 404, 6),
(597, '2023-03-10', 1, 847, 6),
(598, '2023-05-08', 2, 581, 2),
(599, '2023-05-19', 4, 919, 1),
(600, '2023-02-13', 2, 732, 5),
(601, '2023-06-08', 4, 613, 9),
(602, '2023-01-17', 4, 178, 3),
(603, '2023-01-02', 3, 275, 9),
(604, '2023-03-04', 1, 48, 10),
(605, '2023-07-08', 1, 358, 8),
(606, '2023-02-21', 2, 935, 3),
(607, '2023-04-06', 2, 995, 1),
(608, '2023-04-03', 1, 472, 4),
(609, '2023-05-07', 4, 142, 8),
(610, '2023-02-28', 2, 903, 9),
(611, '2023-05-23', 4, 824, 7),
(612, '2023-03-13', 2, 397, 3),
(613, '2023-04-08', 4, 890, 4),
(614, '2023-04-20', 3, 297, 2),
(615, '2023-01-22', 3, 966, 10),
(616, '2023-05-09', 1, 525, 6),
(617, '2023-05-13', 2, 905, 5),
(618, '2023-01-25', 3, 939, 10),
(619, '2023-01-26', 1, 870, 2),
(620, '2023-02-01', 3, 139, 11),
(621, '2023-06-26', 3, 364, 11),
(622, '2023-06-10', 4, 510, 4),
(623, '2023-07-02', 4, 404, 8),
(624, '2023-06-14', 2, 970, 3),
(625, '2023-06-10', 2, 214, 8),
(626, '2023-07-16', 2, 815, 8),
(627, '2023-05-30', 3, 742, 10),
(628, '2023-05-18', 1, 281, 3),
(629, '2023-06-23', 2, 418, 6),
(630, '2023-03-24', 1, 165, 9),
(631, '2023-07-06', 4, 905, 1),
(632, '2023-06-30', 3, 374, 8),
(633, '2023-06-12', 2, 587, 2),
(634, '2023-02-19', 1, 809, 8),
(635, '2023-02-13', 2, 20, 1),
(636, '2023-03-07', 1, 794, 6),
(637, '2023-06-16', 1, 484, 10),
(638, '2023-04-14', 3, 962, 11),
(639, '2023-02-06', 2, 986, 5),
(640, '2023-04-07', 4, 280, 6),
(641, '2023-02-02', 3, 168, 6),
(642, '2023-01-14', 3, 825, 7),
(643, '2023-07-01', 1, 611, 10),
(644, '2023-03-04', 2, 417, 8),
(645, '2023-06-02', 2, 670, 11),
(646, '2023-01-24', 3, 559, 6),
(647, '2023-03-03', 4, 910, 10),
(648, '2023-02-08', 4, 24, 9),
(649, '2023-01-03', 3, 921, 8),
(650, '2023-06-26', 1, 722, 4),
(651, '2023-01-29', 1, 386, 8),
(652, '2023-04-12', 4, 211, 8),
(653, '2023-02-19', 2, 443, 1),
(654, '2023-05-16', 3, 638, 8),
(655, '2023-07-03', 4, 194, 5),
(656, '2023-06-12', 1, 89, 8),
(657, '2023-02-25', 2, 129, 9),
(658, '2023-02-08', 2, 182, 9),
(659, '2023-02-22', 3, 438, 10),
(660, '2023-06-06', 1, 791, 4),
(661, '2023-02-03', 3, 131, 8),
(662, '2023-02-16', 2, 826, 1),
(663, '2023-03-25', 3, 820, 5),
(664, '2023-04-25', 1, 517, 11),
(665, '2023-01-29', 3, 315, 7),
(666, '2023-04-13', 2, 412, 11),
(667, '2023-05-17', 4, 41, 3),
(668, '2023-03-06', 3, 306, 7),
(669, '2023-04-22', 4, 137, 3),
(670, '2023-05-18', 4, 285, 5),
(671, '2023-06-24', 3, 447, 3),
(672, '2023-06-19', 4, 334, 7),
(673, '2023-01-13', 1, 687, 1),
(674, '2023-04-21', 1, 644, 5),
(675, '2023-02-24', 2, 65, 4),
(676, '2023-03-07', 2, 416, 3),
(677, '2023-03-01', 3, 937, 10),
(678, '2023-06-09', 1, 635, 2),
(679, '2023-05-03', 3, 288, 6),
(680, '2023-07-02', 1, 510, 3),
(681, '2023-04-30', 3, 551, 10),
(682, '2023-04-13', 4, 833, 10),
(683, '2023-03-15', 4, 534, 8),
(684, '2023-06-18', 1, 908, 8),
(685, '2023-02-07', 3, 572, 9),
(686, '2023-02-12', 1, 210, 4),
(687, '2023-01-14', 1, 525, 3),
(688, '2023-06-01', 2, 557, 2),
(689, '2023-04-19', 2, 397, 5),
(690, '2023-02-24', 3, 113, 6),
(691, '2023-01-22', 4, 744, 10),
(692, '2023-04-16', 3, 250, 10),
(693, '2023-02-10', 1, 788, 3),
(694, '2023-05-06', 1, 540, 5),
(695, '2023-06-14', 3, 153, 8),
(696, '2023-04-19', 2, 770, 7),
(697, '2023-05-13', 4, 409, 11),
(698, '2023-06-15', 3, 774, 4),
(699, '2023-05-05', 2, 519, 4),
(700, '2023-07-07', 4, 366, 2);
