USE DB_vitacora;

INSERT INTO Tipos_novedades (id_tipo, tipo)
VALUES 
(1, 'falla'),
(2, 'informativo'),
(3, 'urgente'),
(4, 'ABM'),
(5, 'importante'),
(6, 'recordatorio'),
(7, 'fuera de servicio'),
(8, 'queda para ver');

INSERT INTO Estados_novedades (id_estado, estado)
VALUES
(1, 'pendiente'),
(2, 'en proceso'),
(3, 'completo'),
(4, 'sin estado');

INSERT INTO Novedades (id_novedad, titulo, descripcion, id_tipo, id_estado)
VALUES 
(1, 'et magnis dis', 'Nullam sit amet turpis elementum ligula vehicula consequat. Morbi a ipsum. Integer a nibh.', 1, 2)
,(2, 'turpis nec euismod', 'In hac habitasse platea dictumst. Etiam faucibus cursus urna. Ut tellus.', 6, 3)
,(3, 'tortor quis turpis sed', 'Integer tincidunt ante vel ipsum. Praesent blandit lacinia erat. Vestibulum sed magna at nunc commodo placerat.', 5, 1)
,(4, 'in felis', 'Phasellus in felis. Donec semper sapien a libero. Nam dui.', 6, 4)
,(5, 'nam congue risus semper', 'Integer tincidunt ante vel ipsum. Praesent blandit lacinia erat. Vestibulum sed magna at nunc commodo placerat.', 7, 2)
,(6, 'pede morbi', 'Duis bibendum, felis sed interdum venenatis, turpis enim blandit mi, in porttitor pede justo eu massa. Donec dapibus. Duis at velit eu est congue elementum.', 3, 4)
,(7, 'in quam fringilla rhoncus mauris', 'Praesent blandit. Nam nulla. Integer pede justo, lacinia eget, tincidunt eget, tempus vel, pede.', 7, 2)
,(8, 'vel', 'Quisque porta volutpat erat. Quisque erat eros, viverra eget, congue eget, semper rutrum, nulla. Nunc purus.', 6, 4)
,(9, 'lacinia erat vestibulum', 'Quisque porta volutpat erat. Quisque erat eros, viverra eget, congue eget, semper rutrum, nulla. Nunc purus.', 8, 1)
,(10, 'id massa', 'Phasellus sit amet erat. Nulla tempus. Vivamus in felis eu sapien cursus vestibulum.', 3, 1)
,(11, 'pede malesuada', 'Curabitur at ipsum ac tellus semper interdum. Mauris ullamcorper purus sit amet nulla. Quisque arcu libero, rutrum ac, lobortis vel, dapibus at, diam.', 8, 2)
,(12, 'nibh fusce lacus purus', 'Vestibulum ac est lacinia nisi venenatis tristique. Fusce congue, diam id ornare imperdiet, sapien urna pretium nisl, ut volutpat sapien arcu sed augue. Aliquam erat volutpat.', 2, 4)
,(13, 'aliquam', 'Praesent id massa id nisl venenatis lacinia. Aenean sit amet justo. Morbi ut odio.', 6, 1)
,(14, 'nulla', 'Curabitur gravida nisi at nibh. In hac habitasse platea dictumst. Aliquam augue quam, sollicitudin vitae, consectetuer eget, rutrum at, lorem.', 4, 1)
,(15, 'proin', 'Fusce consequat. Nulla nisl. Nunc nisl.', 7, 4)
,(16, 'condimentum id luctus', 'In sagittis dui vel nisl. Duis ac nibh. Fusce lacus purus, aliquet at, feugiat non, pretium quis, lectus.', 4, 4)
,(17, 'luctus et ultrices posuere cubilia', 'Mauris enim leo, rhoncus sed, vestibulum sit amet, cursus id, turpis. Integer aliquet, massa id lobortis convallis, tortor risus dapibus augue, vel accumsan tellus nisi eu orci. Mauris lacinia sapien quis libero.', 5, 4)
,(18, 'sagittis', 'Cras mi pede, malesuada in, imperdiet et, commodo vulputate, justo. In blandit ultrices enim. Lorem ipsum dolor sit amet, consectetuer adipiscing elit.', 8, 4)
,(19, 'elementum', 'Vestibulum quam sapien, varius ut, blandit non, interdum in, ante. Vestibulum ante ipsum primis in faucibus orci luctus et ultrices posuere cubilia Curae Duis faucibus accumsan odio. Curabitur convallis.', 5, 4)
,(20, 'proin risus praesent lectus', 'Curabitur in libero ut massa volutpat convallis. Morbi odio odio, elementum eu, interdum eu, tincidunt in, leo. Maecenas pulvinar lobortis est.', 7, 1)
,(21, 'at', 'Nam ultrices, libero non mattis pulvinar, nulla pede ullamcorper augue, a suscipit nulla elit ac nulla. Sed vel enim sit amet nunc viverra dapibus. Nulla suscipit ligula in lacus.', 6, 2)
,(22, 'eu nibh quisque id justo', 'Duis bibendum, felis sed interdum venenatis, turpis enim blandit mi, in porttitor pede justo eu massa. Donec dapibus. Duis at velit eu est congue elementum.', 4, 3)
,(23, 'sodales scelerisque mauris sit', 'Donec diam neque, vestibulum eget, vulputate ut, ultrices vel, augue. Vestibulum ante ipsum primis in faucibus orci luctus et ultrices posuere cubilia Curae Donec pharetra, magna vestibulum aliquet ultrices, erat tortor sollicitudin mi, sit amet lobortis sapien sapien non mi. Integer ac neque.', 5, 3)
,(24, 'suspendisse', 'Nullam porttitor lacus at turpis. Donec posuere metus vitae ipsum. Aliquam non mauris.', 1, 3)
,(25, 'erat fermentum', 'Proin interdum mauris non ligula pellentesque ultrices. Phasellus id sapien in sapien iaculis congue. Vivamus metus arcu, adipiscing molestie, hendrerit at, vulputate vitae, nisl.', 6, 1)
,(26, 'risus', 'In quis justo. Maecenas rhoncus aliquam lacus. Morbi quis tortor id nulla ultrices aliquet.', 3, 2)
,(27, 'fusce consequat', 'In quis justo. Maecenas rhoncus aliquam lacus. Morbi quis tortor id nulla ultrices aliquet.', 5, 2)
,(28, 'quis', 'Curabitur in libero ut massa volutpat convallis. Morbi odio odio, elementum eu, interdum eu, tincidunt in, leo. Maecenas pulvinar lobortis est.', 3, 2)
,(29, 'mattis odio donec vitae', 'Lorem ipsum dolor sit amet, consectetuer adipiscing elit. Proin risus. Praesent lectus.', 4, 4)
,(30, 'hendrerit at vulputate vitae nisl', 'Maecenas tristique, est et tempus semper, est quam pharetra magna, ac consequat metus sapien ut nunc. Vestibulum ante ipsum primis in faucibus orci luctus et ultrices posuere cubilia Curae Mauris viverra diam vitae quam. Suspendisse potenti.', 6, 1)
,(31, 'tincidunt nulla mollis', 'Integer ac leo. Pellentesque ultrices mattis odio. Donec vitae nisi.', 8, 1)
,(32, 'massa id', 'Duis bibendum, felis sed interdum venenatis, turpis enim blandit mi, in porttitor pede justo eu massa. Donec dapibus. Duis at velit eu est congue elementum.', 7, 4)
,(33, 'tincidunt eget tempus vel', 'Duis bibendum, felis sed interdum venenatis, turpis enim blandit mi, in porttitor pede justo eu massa. Donec dapibus. Duis at velit eu est congue elementum.', 7, 4)
,(34, 'ut suscipit a feugiat et', 'Integer tincidunt ante vel ipsum. Praesent blandit lacinia erat. Vestibulum sed magna at nunc commodo placerat.', 1, 4)
,(35, 'dapibus', 'Praesent id massa id nisl venenatis lacinia. Aenean sit amet justo. Morbi ut odio.', 1, 3)
,(36, 'sit', 'Integer ac leo. Pellentesque ultrices mattis odio. Donec vitae nisi.', 2, 4)
,(37, 'ante ipsum primis in faucibus', 'Cras non velit nec nisi vulputate nonummy. Maecenas tincidunt lacus at velit. Vivamus vel nulla eget eros elementum pellentesque.', 6, 1)
,(38, 'in felis', 'Aenean fermentum. Donec ut mauris eget massa tempor convallis. Nulla neque libero, convallis eget, eleifend luctus, ultricies eu, nibh.', 5, 3)
,(39, 'tincidunt eget tempus vel pede', 'Nulla ut erat id mauris vulputate elementum. Nullam varius. Nulla facilisi.', 1, 4)
,(40, 'interdum mauris', 'In hac habitasse platea dictumst. Etiam faucibus cursus urna. Ut tellus.', 8, 4)
,(41, 'curae nulla dapibus dolor', 'Vestibulum quam sapien, varius ut, blandit non, interdum in, ante. Vestibulum ante ipsum primis in faucibus orci luctus et ultrices posuere cubilia Curae Duis faucibus accumsan odio. Curabitur convallis.', 6, 2)
,(42, 'nascetur ridiculus', 'In quis justo. Maecenas rhoncus aliquam lacus. Morbi quis tortor id nulla ultrices aliquet.', 2, 3)
,(43, 'habitasse', 'Quisque porta volutpat erat. Quisque erat eros, viverra eget, congue eget, semper rutrum, nulla. Nunc purus.', 8, 2)
,(44, 'urna ut tellus nulla ut', 'Integer tincidunt ante vel ipsum. Praesent blandit lacinia erat. Vestibulum sed magna at nunc commodo placerat.', 5, 3)
,(45, 'sit', 'Praesent blandit. Nam nulla. Integer pede justo, lacinia eget, tincidunt eget, tempus vel, pede.', 6, 4)
,(46, 'sem praesent id massa', 'Nam ultrices, libero non mattis pulvinar, nulla pede ullamcorper augue, a suscipit nulla elit ac nulla. Sed vel enim sit amet nunc viverra dapibus. Nulla suscipit ligula in lacus.', 7, 3)
,(47, 'quisque erat', 'Etiam vel augue. Vestibulum rutrum rutrum neque. Aenean auctor gravida sem.', 6, 4)
,(48, 'pellentesque ultrices', 'In quis justo. Maecenas rhoncus aliquam lacus. Morbi quis tortor id nulla ultrices aliquet.', 8, 1)
,(49, 'aenean auctor', 'Quisque id justo sit amet sapien dignissim vestibulum. Vestibulum ante ipsum primis in faucibus orci luctus et ultrices posuere cubilia Curae Nulla dapibus dolor vel est. Donec odio justo, sollicitudin ut, suscipit a, feugiat et, eros.', 5, 3)
,(50, 'et', 'Phasellus sit amet erat. Nulla tempus. Vivamus in felis eu sapien cursus vestibulum.', 2, 3)
,(51, 'nisl duis bibendum', 'Maecenas leo odio, condimentum id, luctus nec, molestie sed, justo. Pellentesque viverra pede ac diam. Cras pellentesque volutpat dui.', 4, 1)
,(52, 'justo aliquam', 'Nullam sit amet turpis elementum ligula vehicula consequat. Morbi a ipsum. Integer a nibh.', 3, 4)
,(53, 'at nunc commodo placerat', 'Fusce posuere felis sed lacus. Morbi sem mauris, laoreet ut, rhoncus aliquet, pulvinar sed, nisl. Nunc rhoncus dui vel sem.', 8, 2)
,(54, 'lorem id ligula suspendisse ornare', 'Aenean lectus. Pellentesque eget nunc. Donec quis orci eget orci vehicula condimentum.', 4, 4)
,(55, 'luctus', 'Suspendisse potenti. In eleifend quam a odio. In hac habitasse platea dictumst.', 7, 2)
,(56, 'nibh quisque id justo sit', 'Curabitur at ipsum ac tellus semper interdum. Mauris ullamcorper purus sit amet nulla. Quisque arcu libero, rutrum ac, lobortis vel, dapibus at, diam.', 2, 1)
,(57, 'tortor sollicitudin', 'Duis bibendum. Morbi non quam nec dui luctus rutrum. Nulla tellus.', 3, 1)
,(58, 'vivamus vel nulla', 'Mauris enim leo, rhoncus sed, vestibulum sit amet, cursus id, turpis. Integer aliquet, massa id lobortis convallis, tortor risus dapibus augue, vel accumsan tellus nisi eu orci. Mauris lacinia sapien quis libero.', 1, 1)
,(59, 'ultrices', 'Nulla ut erat id mauris vulputate elementum. Nullam varius. Nulla facilisi.', 2, 1)
,(60, 'odio odio', 'Duis bibendum. Morbi non quam nec dui luctus rutrum. Nulla tellus.', 6, 2)
,(61, 'blandit', 'Sed sagittis. Nam congue, risus semper porta volutpat, quam pede lobortis ligula, sit amet eleifend pede libero quis orci. Nullam molestie nibh in lectus.', 7, 1)
,(62, 'varius ut blandit', 'Duis aliquam convallis nunc. Proin at turpis a pede posuere nonummy. Integer non velit.', 6, 1)
,(63, 'integer ac leo pellentesque', 'Fusce posuere felis sed lacus. Morbi sem mauris, laoreet ut, rhoncus aliquet, pulvinar sed, nisl. Nunc rhoncus dui vel sem.', 2, 3)
,(64, 'habitasse platea dictumst', 'Duis bibendum. Morbi non quam nec dui luctus rutrum. Nulla tellus.', 2, 1)
,(65, 'fringilla rhoncus mauris enim leo', 'Praesent id massa id nisl venenatis lacinia. Aenean sit amet justo. Morbi ut odio.', 8, 4)
,(66, 'dolor sit amet consectetuer adipiscing', 'Aliquam quis turpis eget elit sodales scelerisque. Mauris sit amet eros. Suspendisse accumsan tortor quis turpis.', 2, 2)
,(67, 'pellentesque ultrices', 'Duis bibendum, felis sed interdum venenatis, turpis enim blandit mi, in porttitor pede justo eu massa. Donec dapibus. Duis at velit eu est congue elementum.', 8, 1)
,(68, 'pede lobortis ligula sit amet', 'Proin leo odio, porttitor id, consequat in, consequat ut, nulla. Sed accumsan felis. Ut at dolor quis odio consequat varius.', 7, 4)
,(69, 'donec ut dolor', 'Proin interdum mauris non ligula pellentesque ultrices. Phasellus id sapien in sapien iaculis congue. Vivamus metus arcu, adipiscing molestie, hendrerit at, vulputate vitae, nisl.', 6, 2)
,(70, 'eros elementum pellentesque quisque porta', 'Phasellus in felis. Donec semper sapien a libero. Nam dui.', 7, 3)
,(71, 'quam sapien', 'Quisque id justo sit amet sapien dignissim vestibulum. Vestibulum ante ipsum primis in faucibus orci luctus et ultrices posuere cubilia Curae Nulla dapibus dolor vel est. Donec odio justo, sollicitudin ut, suscipit a, feugiat et, eros.', 3, 4)
,(72, 'cras mi pede', 'Fusce consequat. Nulla nisl. Nunc nisl.', 8, 4)
,(73, 'enim', 'In sagittis dui vel nisl. Duis ac nibh. Fusce lacus purus, aliquet at, feugiat non, pretium quis, lectus.', 2, 3)
,(74, 'ut volutpat sapien', 'Nullam sit amet turpis elementum ligula vehicula consequat. Morbi a ipsum. Integer a nibh.', 8, 3)
,(75, 'lobortis', 'Vestibulum quam sapien, varius ut, blandit non, interdum in, ante. Vestibulum ante ipsum primis in faucibus orci luctus et ultrices posuere cubilia Curae Duis faucibus accumsan odio. Curabitur convallis.', 6, 3)
,(76, 'quis lectus suspendisse potenti in', 'Suspendisse potenti. In eleifend quam a odio. In hac habitasse platea dictumst.', 1, 2)
,(77, 'justo', 'Maecenas ut massa quis augue luctus tincidunt. Nulla mollis molestie lorem. Quisque ut erat.', 2, 1)
,(78, 'neque', 'Vestibulum quam sapien, varius ut, blandit non, interdum in, ante. Vestibulum ante ipsum primis in faucibus orci luctus et ultrices posuere cubilia Curae Duis faucibus accumsan odio. Curabitur convallis.', 5, 4)
,(79, 'adipiscing elit proin interdum mauris', 'Integer ac leo. Pellentesque ultrices mattis odio. Donec vitae nisi.', 4, 2)
,(80, 'odio elementum eu', 'In quis justo. Maecenas rhoncus aliquam lacus. Morbi quis tortor id nulla ultrices aliquet.', 8, 3)
,(81, 'congue etiam justo etiam pretium', 'Phasellus in felis. Donec semper sapien a libero. Nam dui.', 8, 3)
,(82, 'in faucibus', 'In sagittis dui vel nisl. Duis ac nibh. Fusce lacus purus, aliquet at, feugiat non, pretium quis, lectus.', 5, 2)
,(83, 'mi sit amet lobortis', 'Maecenas leo odio, condimentum id, luctus nec, molestie sed, justo. Pellentesque viverra pede ac diam. Cras pellentesque volutpat dui.', 5, 2)
,(84, 'tristique tortor', 'Mauris enim leo, rhoncus sed, vestibulum sit amet, cursus id, turpis. Integer aliquet, massa id lobortis convallis, tortor risus dapibus augue, vel accumsan tellus nisi eu orci. Mauris lacinia sapien quis libero.', 4, 2)
,(85, 'non mauris morbi non lectus', 'Suspendisse potenti. In eleifend quam a odio. In hac habitasse platea dictumst.', 3, 4)
,(86, 'sit', 'Vestibulum ac est lacinia nisi venenatis tristique. Fusce congue, diam id ornare imperdiet, sapien urna pretium nisl, ut volutpat sapien arcu sed augue. Aliquam erat volutpat.', 4, 4)
,(87, 'quis turpis', 'Proin leo odio, porttitor id, consequat in, consequat ut, nulla. Sed accumsan felis. Ut at dolor quis odio consequat varius.', 6, 1)
,(88, 'odio', 'Curabitur at ipsum ac tellus semper interdum. Mauris ullamcorper purus sit amet nulla. Quisque arcu libero, rutrum ac, lobortis vel, dapibus at, diam.', 3, 3)
,(89, 'ligula', 'Nulla ut erat id mauris vulputate elementum. Nullam varius. Nulla facilisi.', 6, 1)
,(90, 'eros suspendisse accumsan', 'Lorem ipsum dolor sit amet, consectetuer adipiscing elit. Proin risus. Praesent lectus.', 5, 1)
,(91, 'integer aliquet massa id', 'Lorem ipsum dolor sit amet, consectetuer adipiscing elit. Proin risus. Praesent lectus.', 6, 3)
,(92, 'elementum', 'Proin interdum mauris non ligula pellentesque ultrices. Phasellus id sapien in sapien iaculis congue. Vivamus metus arcu, adipiscing molestie, hendrerit at, vulputate vitae, nisl.', 3, 1)
,(93, 'vestibulum ante', 'Fusce posuere felis sed lacus. Morbi sem mauris, laoreet ut, rhoncus aliquet, pulvinar sed, nisl. Nunc rhoncus dui vel sem.', 1, 3)
,(94, 'amet consectetuer adipiscing', 'Morbi non lectus. Aliquam sit amet diam in magna bibendum imperdiet. Nullam orci pede, venenatis non, sodales sed, tincidunt eu, felis.', 2, 4)
,(95, 'diam', 'Morbi porttitor lorem id ligula. Suspendisse ornare consequat lectus. In est risus, auctor sed, tristique in, tempus sit amet, sem.', 6, 2)
,(96, 'morbi', 'Duis bibendum, felis sed interdum venenatis, turpis enim blandit mi, in porttitor pede justo eu massa. Donec dapibus. Duis at velit eu est congue elementum.', 3, 2)
,(97, 'sapien in sapien', 'Maecenas ut massa quis augue luctus tincidunt. Nulla mollis molestie lorem. Quisque ut erat.', 1, 4)
,(98, 'praesent lectus vestibulum', 'Duis bibendum. Morbi non quam nec dui luctus rutrum. Nulla tellus.', 6, 4)
,(99, 'risus auctor sed tristique', 'Cras non velit nec nisi vulputate nonummy. Maecenas tincidunt lacus at velit. Vivamus vel nulla eget eros elementum pellentesque.', 2, 2)
,(100, 'libero non mattis pulvinar nulla', 'Donec diam neque, vestibulum eget, vulputate ut, ultrices vel, augue. Vestibulum ante ipsum primis in faucibus orci luctus et ultrices posuere cubilia Curae Donec pharetra, magna vestibulum aliquet ultrices, erat tortor sollicitudin mi, sit amet lobortis sapien sapien non mi. Integer ac neque.', 3, 2);

INSERT INTO Tipo_turnos (id_tipo_turno, turno)
VALUES 
(1, 'mañana'),
(2, 'tarde'),
(3, 'noche'),
(4, 'intermedio');

INSERT INTO Turnos (id_turno, fecha_turno, id_tipo_turno, id_novedad) 
VALUES 
(1, '2023-05-26', 3, 39)
,(2, '2023-04-06', 3, 19)
,(3, '2022-08-13', 1, 79)
,(4, '2022-06-30', 3, 86)
,(5, '2023-04-03', 4, 51)
,(6, '2022-10-08', 3, 17)
,(7, '2022-12-29', 3, 98)
,(8, '2023-04-10', 2, 31)
,(9, '2023-05-16', 3, 40)
,(10, '2023-01-08', 1, 39)
,(11, '2023-03-03', 3, 15)
,(12, '2023-07-13', 3, 35)
,(13, '2023-02-11', 3, 19)
,(14, '2023-02-12', 2, 14)
,(15, '2023-06-11', 2, 87)
,(16, '2023-02-06', 1, 48)
,(17, '2022-12-14', 2, 23)
,(18, '2022-09-12', 1, 48)
,(19, '2022-06-11', 2, 53)
,(20, '2022-05-14', 2, 45)
,(21, '2023-06-14', 2, 16)
,(22, '2022-06-11', 2, 93)
,(23, '2022-10-18', 1, 95)
,(24, '2023-07-22', 3, 1)
,(25, '2022-09-21', 4, 81)
,(26, '2023-03-20', 2, 44)
,(27, '2023-01-24', 4, 71)
,(28, '2022-12-17', 1, 64)
,(29, '2023-04-21', 2, 73)
,(30, '2023-05-27', 2, 78)
,(31, '2022-10-10', 2, 71)
,(32, '2022-06-19', 1, 82)
,(33, '2023-05-05', 2, 23)
,(34, '2022-11-26', 3, 44)
,(35, '2022-07-30', 2, 19)
,(36, '2022-12-07', 4, 45)
,(37, '2023-03-29', 1, 14)
,(38, '2023-02-13', 1, 6)
,(39, '2022-06-12', 3, 39)
,(40, '2023-05-02', 1, 72)
,(41, '2022-09-24', 4, 84)
,(42, '2023-02-12', 4, 18)
,(43, '2022-11-17', 1, 38)
,(44, '2022-10-19', 2, 47)
,(45, '2022-05-04', 2, 28)
,(46, '2022-11-12', 4, 69)
,(47, '2023-05-21', 3, 31)
,(48, '2022-10-26', 4, 58)
,(49, '2022-09-06', 2, 15)
,(50, '2022-08-05', 2, 41);

